episode_index,global_step,episode_reward,episode_length,epsilon,crashed,mean_speed
1,6,4.196502,6,0.999941,1,23.912971
2,21,10.815258,15,0.999762,1,22.959267
3,27,4.08353,6,0.999691,1,24.202463
4,36,6.008124,9,0.999584,1,21.589383
5,48,10.75222,12,0.999442,1,28.539856
6,71,17.506852,23,0.999169,1,23.841764
7,76,3.050018,5,0.999109,1,23.355984
8,99,15.717085,23,0.998836,1,21.133243
9,102,1.764923,3,0.998801,1,24.593588
10,132,26.438316,30,0.998444,0,26.79998
11,147,11.16882,15,0.998266,1,23.408322
12,159,7.906892,12,0.998124,1,21.283295
13,178,13.261536,19,0.997898,1,22.18539
14,181,1.764923,3,0.997862,1,23.734909
15,194,9.919533,13,0.997708,1,25.384606
16,219,19.184342,25,0.997411,1,23.937443
17,222,1.958373,3,0.997376,1,24.021175
18,226,2.884069,4,0.997328,1,27.285324
19,238,8.407479,12,0.997186,1,22.786335
20,245,4.71327,7,0.997103,1,23.814922
21,273,19.715773,28,0.99677,1,21.431871
22,279,3.526191,6,0.996699,1,19.728318
23,286,5.004689,7,0.996616,1,24.200194
24,298,8.383534,12,0.996473,1,22.182245
25,313,10.270744,15,0.996295,1,21.895637
26,315,1.278391,2,0.996271,1,29.499772
27,325,8.158641,10,0.996152,1,26.879755
28,340,12.321347,15,0.995974,1,26.473775
29,361,14.317458,21,0.995725,1,21.004201
30,370,7.601076,9,0.995618,1,27.049405
31,386,10.809844,16,0.995428,1,21.205503
32,392,4.001228,6,0.995357,1,23.535878
33,412,17.408365,20,0.995119,1,27.373627
34,422,6.418699,10,0.995001,1,20.838587
35,435,9.523965,13,0.994846,1,23.652107
36,438,1.788291,3,0.994811,1,25.577705
37,447,6.804566,9,0.994704,1,24.977551
38,476,22.019986,29,0.994359,1,23.506612
39,481,3.957206,5,0.9943,1,26.803499
40,488,4.090909,7,0.994217,1,18.935308
41,495,4.502102,7,0.994134,1,22.667087
42,502,5.003441,7,0.994051,1,23.934334
43,509,5.160261,7,0.993968,1,25.353322
44,522,10.360496,13,0.993813,1,26.176273
45,552,24.075135,30,0.993457,0,24.367684
46,569,12.324796,17,0.993255,1,23.076846
47,575,4.394379,6,0.993184,1,24.905702
48,580,3.560252,5,0.993124,1,26.043013
49,594,10.137145,14,0.992958,1,23.496737
50,604,8.754343,10,0.992839,1,27.538858
51,611,4.412832,7,0.992756,1,21.456744
52,641,20.847788,30,0.9924,0,20.701018
53,648,4.287571,7,0.992317,1,21.682909
54,651,1.600054,3,0.992281,1,21.145344
55,667,11.652742,16,0.992091,1,22.575238
56,680,9.450174,13,0.991937,1,23.579151
57,702,18.735079,22,0.991676,1,26.593167
58,705,2.275553,3,0.99164,1,29.658198
59,717,10.561808,12,0.991498,1,27.807431
60,742,17.944115,25,0.991201,1,22.192963
61,760,14.686847,18,0.990987,1,25.621494
62,784,21.632286,24,0.990702,1,27.863176
63,814,22.306126,30,0.990346,0,22.666668
64,821,5.765957,7,0.990263,1,27.150127
65,851,20.854743,30,0.989906,1,21.374579
66,859,6.595438,8,0.989811,1,26.276585
67,868,7.848288,9,0.989704,1,28.706729
68,898,20.625333,30,0.989348,0,20.339179
69,906,5.95894,8,0.989253,1,23.973682
70,919,9.334659,13,0.989099,1,23.084869
71,949,22.156442,30,0.988742,1,22.847329
72,959,8.591584,10,0.988624,1,27.545336
73,972,8.850466,13,0.988469,1,21.802752
74,982,8.760178,10,0.988351,1,27.801428
75,1012,23.782316,30,0.987994,0,23.965648
76,1017,4.123409,5,0.987935,1,29.020572
77,1026,6.613726,9,0.987828,1,24.581953
78,1030,2.566059,4,0.987781,1,24.051182
79,1044,11.477168,14,0.987614,1,25.929613
80,1047,1.960209,3,0.987579,1,24.669085
81,1062,12.607715,15,0.987401,1,26.776014
82,1071,5.866609,9,0.987294,1,21.230366
83,1087,13.96074,16,0.987104,1,27.276743
84,1089,1.121128,2,0.98708,1,27.558956
85,1119,22.353577,30,0.986724,1,23.197452
86,1127,6.367545,8,0.986629,1,26.400615
87,1139,8.622521,12,0.986486,1,23.250455
88,1169,23.239682,30,0.98613,0,23.804857
89,1177,5.990249,8,0.986035,1,25.841782
90,1186,7.983638,9,0.985928,1,29.08161
91,1198,9.996333,12,0.985786,1,26.462567
92,1206,6.955576,8,0.985691,1,28.002225
93,1228,15.782086,22,0.985429,1,22.727313
94,1242,10.909347,14,0.985263,1,25.600127
95,1249,5.959013,7,0.98518,1,27.198378
96,1254,3.20231,5,0.985121,1,22.314867
97,1262,5.452439,8,0.985026,1,23.621358
98,1281,14.649245,19,0.9848,1,23.747596
99,1285,2.281872,4,0.984753,1,20.646692
100,1294,7.951613,9,0.984646,1,28.008693
101,1310,12.080566,16,0.984456,1,24.705359
102,1323,9.770998,13,0.984301,1,24.906213
103,1335,8.175084,12,0.984159,1,22.101231
104,1362,20.83097,27,0.983838,1,24.413908
105,1371,7.921683,9,0.983731,1,28.90035
106,1376,3.957206,5,0.983672,1,26.240765
107,1383,5.199495,7,0.983589,1,24.648864
108,1392,6.885171,9,0.983482,1,24.578194
109,1397,3.565067,5,0.983422,1,24.058336
110,1402,3.591381,5,0.983363,1,24.520045
111,1414,8.070251,12,0.983221,1,21.947404
112,1444,24.745852,30,0.982864,0,24.798982
113,1448,2.599059,4,0.982817,1,25.039578
114,1478,21.857142,30,0.982461,0,22.029485
115,1487,7.189243,9,0.982354,1,25.942933
116,1491,2.599059,4,0.982306,1,23.360793
117,1505,9.707772,14,0.98214,1,22.385302
118,1530,17.869968,25,0.981843,1,22.335435
119,1539,7.392024,9,0.981736,1,27.414178
120,1569,21.696832,30,0.98138,0,21.867661
121,1599,21.521808,30,0.981024,0,21.534352
122,1606,5.56132,7,0.980941,1,26.441777
123,1614,5.371854,8,0.980846,1,23.018837
124,1642,20.59441,28,0.980513,1,22.68188
125,1662,15.698842,20,0.980276,1,25.010241
126,1667,3.556558,5,0.980216,1,25.016815
127,1670,1.764923,3,0.980181,1,23.347427
128,1675,3.049181,5,0.980121,1,21.184381
129,1702,18.799256,27,0.979801,1,21.337555
130,1712,8.157318,10,0.979682,1,27.021677
131,1723,6.903517,11,0.979551,1,19.853239
132,1732,6.882077,9,0.979444,1,24.569425
133,1747,10.838822,15,0.979266,1,23.224052
134,1751,2.599059,4,0.979219,1,23.137261
135,1770,13.975587,19,0.978993,1,23.366888
136,1796,18.869353,26,0.978684,1,22.158566
137,1803,5.082369,7,0.978601,1,24.1451
138,1809,4.001601,6,0.97853,1,23.29962
139,1823,10.050291,14,0.978364,1,22.938072
140,1830,4.406053,7,0.978281,1,22.396888
141,1849,15.221143,19,0.978055,1,25.472573
142,1857,5.839622,8,0.97796,1,23.258112
143,1864,5.792279,7,0.977877,1,26.926633
144,1869,3.758123,5,0.977818,1,27.043304
145,1878,7.205447,9,0.977711,1,25.641807
146,1895,11.462445,17,0.977509,1,21.332731
147,1903,5.841497,8,0.977414,1,24.185616
148,1910,5.985716,7,0.977331,1,28.819212
149,1915,2.812777,5,0.977271,1,19.677175
150,1920,3.761176,5,0.977212,1,25.413122
151,1938,13.694208,18,0.976998,1,23.921985
152,1945,5.756719,7,0.976915,1,27.496892
153,1966,15.852532,21,0.976666,1,23.714892
154,1992,18.318088,26,0.976357,1,22.183678
155,1996,2.878434,4,0.976309,1,27.249886
156,2026,21.495301,30,0.975953,0,21.500808
157,2030,2.566054,4,0.975906,1,23.76057
158,2038,6.587884,8,0.975811,1,27.746195
159,2052,10.309238,14,0.975644,1,23.841523
160,2071,16.553502,19,0.975419,1,27.433913
161,2086,12.717379,15,0.975241,1,27.266683
162,2091,3.40935,5,0.975181,1,23.923973
163,2095,2.594235,4,0.975134,1,23.862087
164,2108,8.857447,13,0.974979,1,21.873548
165,2123,10.452128,15,0.974801,1,22.074947
166,2140,12.211323,17,0.974599,1,22.947375
167,2146,4.756231,6,0.974528,1,26.335702
168,2149,1.598207,3,0.974492,1,23.441975
169,2161,9.948801,12,0.97435,1,26.873189
170,2183,20.446657,22,0.974089,1,29.016389
171,2198,10.626856,15,0.973911,1,22.498486
172,2213,11.366103,15,0.973733,1,23.91387
173,2237,17.587821,24,0.973448,1,22.365807
174,2249,9.202721,12,0.973305,1,24.563987
175,2254,3.75419,5,0.973246,1,25.8032
176,2282,19.413424,28,0.972913,1,21.289467
177,2298,11.693315,16,0.972723,1,23.192065
178,2328,21.976603,30,0.972367,0,22.160997
179,2345,12.131509,17,0.972165,1,22.611524
180,2360,10.33042,15,0.971987,1,21.959716
181,2362,1.124008,2,0.971963,1,27.558956
182,2367,3.601111,5,0.971904,1,23.864658
183,2378,7.130519,11,0.971773,1,20.538316
184,2406,21.581044,28,0.971441,1,24.100165
185,2419,8.777533,13,0.971286,1,21.289475
186,2426,5.359532,7,0.971203,1,25.726326
187,2433,5.363613,7,0.97112,1,25.726301
188,2436,2.077297,3,0.971084,1,27.999848
189,2442,4.392525,6,0.971013,1,24.761665
190,2449,4.800129,7,0.97093,1,22.757792
191,2460,7.445515,11,0.970799,1,21.599289
192,2470,7.362291,10,0.970681,1,24.397547
193,2476,3.726209,6,0.970609,1,21.255009
194,2494,13.773745,18,0.970396,1,23.818388
195,2503,6.677447,9,0.970289,1,24.363728
196,2513,7.606442,10,0.97017,1,24.801238
197,2543,23.542972,30,0.969814,0,23.867684
198,2556,9.759604,13,0.969659,1,24.637285
199,2568,9.101401,12,0.969517,1,24.808117
200,2571,1.600054,3,0.969481,1,20.568092
201,2601,20.573864,30,0.969125,0,20.201018
202,2608,4.176413,7,0.969042,1,19.438792
203,2614,3.891078,6,0.968971,1,22.699692
204,2619,3.555801,5,0.968911,1,25.016815
205,2628,5.884237,9,0.968804,1,22.25844
206,2633,3.400196,5,0.968745,1,24.541518
207,2639,4.363618,6,0.968674,1,24.192981
208,2642,1.602273,3,0.968638,1,21.465249
209,2645,1.600054,3,0.968603,1,23.441975
210,2652,5.562448,7,0.968519,1,26.143194
211,2660,6.155241,8,0.968424,1,25.150178
212,2662,0.966017,2,0.968401,1,25.103286
213,2667,3.217116,5,0.968341,1,23.007028
214,2697,22.594607,30,0.967985,0,22.96668
215,2704,5.957172,7,0.967902,1,27.314901
216,2712,6.080599,8,0.967807,1,25.309762
217,2740,20.825984,28,0.967474,1,23.130094
218,2768,20.597036,28,0.967142,1,22.782187
219,2777,7.161363,9,0.967035,1,25.890468
220,2787,8.401119,10,0.966916,1,27.009269
221,2790,1.764923,3,0.966881,1,23.347427
222,2793,1.600054,3,0.966845,1,22.990288
223,2805,7.5,12,0.966703,1,19.201674
224,2808,1.958373,3,0.966667,1,25.412525
225,2812,2.761346,4,0.966619,1,25.949246
226,2822,6.335215,10,0.966501,1,20.107303
227,2829,4.442926,7,0.966418,1,20.86637
228,2855,17.362626,26,0.966109,1,20.208465
229,2861,3.662753,6,0.966037,1,22.233865
230,2881,18.071881,20,0.9658,1,28.448474
231,2885,2.792487,4,0.965753,1,25.113126
232,2897,7.874223,12,0.96561,1,21.681282
233,2901,2.652931,4,0.965562,1,25.832526
234,2905,2.957377,4,0.965515,1,26.272804
235,2915,7.954738,10,0.965396,1,25.707781
236,2926,7.573757,11,0.965266,1,22.584334
237,2931,3.214067,5,0.965206,1,22.917403
238,2961,20.850022,30,0.96485,0,20.701018
239,2967,4.601082,6,0.964779,1,25.286132
240,2990,17.738698,23,0.964506,1,24.279765
241,3004,9.696554,14,0.964339,1,21.92783
242,3007,1.958373,3,0.964304,1,24.334
243,3034,21.968152,27,0.963983,1,25.558979
244,3038,2.568289,4,0.963936,1,23.76057
245,3048,6.375,10,0.963817,1,20.896284
246,3065,12.523084,17,0.963615,1,23.529421
247,3087,15.1026,22,0.963354,1,21.520581
248,3091,2.650894,4,0.963306,1,25.84191
249,3111,15.134294,20,0.963069,1,23.999958
250,3125,9.772775,14,0.962902,1,22.515358
251,3135,6.453518,10,0.962784,1,20.920332
252,3138,1.600037,3,0.962748,1,21.145344
253,3151,9.893782,13,0.962594,1,24.617994
254,3181,27.038867,30,0.962237,0,27.300156
255,3188,5.19366,7,0.962154,1,25.388012
256,3210,17.934756,22,0.961893,1,25.54901
257,3223,10.166366,13,0.961739,1,25.007126
258,3230,5.756074,7,0.961656,1,27.538013
259,3242,9.255662,12,0.961513,1,25.125793
260,3254,9.200872,12,0.961371,1,25.582687
261,3261,4.64869,7,0.961287,1,23.178556
262,3276,11.212254,15,0.961109,1,23.35817
263,3280,2.399329,4,0.961062,1,22.109008
264,3294,10.485283,14,0.960896,1,24.296187
265,3311,11.343362,17,0.960694,1,20.790268
266,3323,10.002733,12,0.960551,1,26.67439
267,3328,2.925065,5,0.960492,1,22.356058
268,3337,7.15583,9,0.960385,1,26.120457
269,3361,18.987008,24,0.9601,1,25.157529
270,3368,5.754496,7,0.960017,1,27.496892
271,3372,2.761346,4,0.959969,1,24.751814
272,3379,5.978273,7,0.959886,1,28.819212
273,3381,1.121128,2,0.959862,1,27.558956
274,3399,14.24931,18,0.959649,1,25.211128
275,3429,21.893842,30,0.959292,0,22.138352
276,3435,3.850318,6,0.959221,1,23.621071
277,3455,14.265636,20,0.958984,1,22.231088
278,3460,3.369426,5,0.958924,1,24.008456
279,3466,4.391752,6,0.958853,1,25.075418
280,3473,5.085029,7,0.95877,1,23.832861
281,3479,4.398179,6,0.958699,1,24.740732
282,3482,1.927565,3,0.958663,1,26.726256
283,3494,8.563821,12,0.958521,1,22.459393
284,3522,21.621669,28,0.958188,1,24.433953
285,3533,9.752511,11,0.958058,1,28.407113
286,3539,3.893273,6,0.957986,1,22.699692
287,3561,16.224456,22,0.957725,1,22.959218
288,3568,4.848358,7,0.957642,1,24.761905
289,3575,5.197168,7,0.957559,1,25.998892
290,3579,2.957371,4,0.957511,1,25.043474
291,3586,5.007427,7,0.957428,1,25.030718
292,3598,10.383611,12,0.957286,1,27.231492
293,3610,8.969862,12,0.957143,1,24.683727
294,3618,5.802347,8,0.957048,1,24.299472
295,3625,4.34031,7,0.956965,1,21.908015
296,3637,9.395059,12,0.956823,1,25.747686
297,3667,21.379114,30,0.956466,0,21.501003
298,3683,13.209082,16,0.956276,1,26.576033
299,3690,5.158853,7,0.956193,1,24.338479
300,3709,16.801887,19,0.955967,1,27.477802
301,3713,2.566054,4,0.95592,1,23.76057
302,3723,7.996308,10,0.955801,1,25.708295
303,3726,1.454778,3,0.955766,1,19.464746
304,3756,26.877585,30,0.955409,0,27.033177
305,3772,11.370981,16,0.955219,1,23.042865
306,3776,2.136597,4,0.955172,1,20.571304
307,3789,8.469734,13,0.955017,1,21.179462
308,3799,7.905585,10,0.954899,1,26.336194
309,3820,17.395045,21,0.954649,1,25.494698
310,3845,23.19308,25,0.954353,1,28.758844
311,3849,2.403409,4,0.954305,1,22.109008
312,3856,5.560598,7,0.954222,1,26.440617
313,3861,3.957198,5,0.954163,1,26.580246
314,3886,17.03322,25,0.953866,1,21.41332
315,3912,20.850491,26,0.953557,1,25.00157
316,3918,4.363618,6,0.953486,1,25.014012
317,3932,11.763991,14,0.953319,1,26.874594
318,3943,8.487839,11,0.953189,1,24.726336
319,3950,5.359127,7,0.953106,1,25.726326
320,3963,10.807311,13,0.952951,1,26.183743
321,3993,20.625192,30,0.952595,0,20.367661
322,4003,8.070714,10,0.952476,1,25.613507
323,4008,3.364988,5,0.952417,1,23.588191
324,4019,8.768588,11,0.952286,1,25.479857
325,4023,2.397471,4,0.952239,1,23.421461
326,4030,5.36856,7,0.952156,1,26.445712
327,4048,15.567817,18,0.951942,1,27.50571
328,4053,3.199682,5,0.951882,1,22.039145
329,4059,3.878845,6,0.951811,1,21.97163
330,4071,9.796634,12,0.951669,1,26.830797
331,4078,5.9535,7,0.951586,1,27.870383
332,4088,8.184287,10,0.951467,1,27.173445
333,4101,9.131712,13,0.951313,1,22.997846
334,4106,3.957201,5,0.951253,1,27.018487
335,4114,6.161527,8,0.951158,1,26.277065
336,4144,22.833513,30,0.950802,0,22.701018
337,4151,4.886338,7,0.950719,1,23.151872
338,4167,10.663593,16,0.950529,1,21.185679
339,4176,5.739865,9,0.950422,1,20.831146
340,4183,6.048817,7,0.950339,1,29.051509
341,4189,4.165699,6,0.950268,1,23.992679
342,4193,2.794337,4,0.95022,1,24.621241
343,4199,3.88192,6,0.950149,1,23.393379
344,4210,8.084561,11,0.950018,1,24.098548
345,4219,7.392218,9,0.949911,1,26.082976
346,4225,4.585208,6,0.94984,1,26.95571
347,4243,14.64876,18,0.949626,1,25.744125
348,4273,22.91789,30,0.94927,0,22.798982
349,4277,2.794337,4,0.949222,1,24.621241
350,4292,12.309496,15,0.949044,1,26.448966
351,4322,21.713471,30,0.948688,1,22.39115
352,4352,21.527208,30,0.948332,0,21.701018
353,4377,19.449082,25,0.948035,1,24.403706
354,4385,6.591189,8,0.94794,1,27.720331
355,4415,22.647313,30,0.947584,0,22.838171
356,4431,11.386973,16,0.947394,1,22.847587
357,4447,10.987313,16,0.947204,1,21.629567
358,4450,1.597429,3,0.947168,1,23.441975
359,4468,12.495928,18,0.946954,1,22.318124
360,4493,16.658439,25,0.946658,1,20.287162
361,4509,12.122594,16,0.946468,1,24.623467
362,4539,24.546508,30,0.946111,1,25.264688
363,4552,10.997324,13,0.945957,1,26.802885
364,4555,1.363636,3,0.945921,1,19.897774
365,4558,1.784043,3,0.945886,1,25.577705
366,4575,11.828116,17,0.945684,1,21.997398
367,4578,1.600037,3,0.945648,1,22.175244
368,4583,3.198272,5,0.945589,1,22.959544
369,4602,13.217444,19,0.945363,1,21.499195
370,4613,8.569475,11,0.945233,1,25.458408
371,4627,11.757674,14,0.945066,1,26.635824
372,4630,1.597429,3,0.945031,1,20.474677
373,4637,4.852839,7,0.944948,1,24.771713
374,4644,4.875699,7,0.944864,1,23.467639
375,4670,20.17539,26,0.944556,1,24.06765
376,4679,7.95374,9,0.944449,1,27.911591
377,4685,3.494455,6,0.944377,1,19.730945
378,4693,6.157847,8,0.944283,1,25.934676
379,4723,22.354169,30,0.943926,0,22.299011
380,4727,2.596465,4,0.943879,1,24.743
381,4740,10.999176,13,0.943724,1,26.734008
382,4742,1.124008,2,0.943701,1,27.558956
383,4772,23.340396,30,0.943344,0,23.533349
384,4775,1.764923,3,0.943309,1,24.593588
385,4780,3.197879,5,0.943249,1,22.508059
386,4787,4.458485,7,0.943166,1,22.619601
387,4799,9.282647,12,0.943024,1,25.316684
388,4807,6.553519,8,0.942929,1,27.350039
389,4837,24.052042,30,0.942573,0,24.360983
390,4858,16.171591,21,0.942323,1,24.051611
391,4864,4.201323,6,0.942252,1,23.907195
392,4868,2.564214,4,0.942204,1,25.051643
393,4886,12.468477,18,0.941991,1,21.96637
394,4893,5.654576,7,0.941908,1,27.623081
395,4910,12.729403,17,0.941706,1,23.370076
396,4919,8.197649,9,0.941599,1,29.663272
397,4949,24.656907,30,0.941242,0,25.0
398,4979,21.816917,30,0.940886,0,22.166668
399,4985,3.76481,6,0.940815,1,21.012223
400,5000,10.220377,15,0.940637,1,21.847076
401,5014,9.587876,14,0.940471,1,22.512212
402,5020,3.882283,6,0.940399,1,21.854087
403,5027,4.288702,7,0.940316,1,20.255392
404,5045,12.659376,18,0.940103,1,22.088205
405,5065,15.613465,20,0.939865,1,24.448555
406,5081,10.973797,16,0.939675,1,21.77716
407,5084,1.482955,3,0.939639,1,20.402871
408,5092,6.157478,8,0.939544,1,25.376554
409,5122,22.582293,30,0.939188,0,22.495138
410,5132,7.96324,10,0.939069,1,25.527623
411,5134,1.050855,2,0.939046,1,26.68382
412,5164,22.121565,30,0.938689,0,22.201017
413,5171,5.955334,7,0.938606,1,28.602402
414,5174,1.597429,3,0.938571,1,20.307997
415,5176,1.196243,2,0.938547,1,28.496122
416,5201,20.684677,25,0.93825,1,25.699131
417,5210,5.895769,9,0.938143,1,21.234891
418,5236,21.888618,26,0.937834,1,26.122141
419,5249,8.298918,13,0.93768,1,19.697137
420,5252,1.764923,3,0.937644,1,24.593588
421,5263,8.521847,11,0.937514,1,25.91867
422,5267,2.563432,4,0.937466,1,22.835446
423,5276,7.792282,9,0.937359,1,27.181
424,5281,3.957198,5,0.9373,1,27.018487
425,5285,3.195822,4,0.937253,1,29.242529
426,5290,3.20231,5,0.937193,1,23.794173
427,5320,20.324068,30,0.936837,1,20.556738
428,5326,3.722628,6,0.936766,1,21.565771
429,5356,20.688338,30,0.936409,0,20.367685
430,5363,4.818402,7,0.936326,1,22.896513
431,5365,1.276554,2,0.936303,1,29.499772
432,5376,9.953738,11,0.936172,1,28.547073
433,5401,17.785414,25,0.935875,1,22.27896
434,5411,7.449035,10,0.935756,1,24.652897
435,5417,4.789099,6,0.935685,1,26.45304
436,5431,10.741105,14,0.935519,1,24.3056
437,5442,7.605957,11,0.935388,1,22.356688
438,5453,9.207299,11,0.935257,1,26.379702
439,5462,7.359517,9,0.935151,1,26.444707
440,5468,4.361383,6,0.935079,1,25.632831
441,5475,5.193252,7,0.934996,1,24.783567
442,5487,10.195724,12,0.934854,1,26.883477
443,5511,17.348301,24,0.934569,1,22.633359
444,5527,12.207561,16,0.934379,1,24.06829
445,5547,13.151173,20,0.934141,1,20.056136
446,5574,21.460642,27,0.933821,1,24.303864
447,5592,12.806551,18,0.933607,1,22.362764
448,5621,21.151575,29,0.933262,1,22.31304
449,5639,12.261428,18,0.933049,1,21.473646
450,5646,5.359373,7,0.932966,1,25.572679
451,5659,8.611484,13,0.932811,1,21.459297
452,5673,9.96057,14,0.932645,1,23.340374
453,5703,21.224196,30,0.932289,0,21.138357
454,5725,14.919551,22,0.932028,1,21.080918
455,5731,4.955332,6,0.931956,1,27.013028
456,5740,6.607926,9,0.931849,1,24.613979
457,5761,14.235685,21,0.9316,1,21.319257
458,5770,7.517468,9,0.931493,1,27.774448
459,5800,22.632681,30,0.931137,0,22.700989
460,5820,14.180352,20,0.930899,1,21.932328
461,5850,23.580991,30,0.930543,0,24.133347
462,5880,24.218634,30,0.930187,0,24.500171
463,5884,2.794337,4,0.930139,1,24.679122
464,5911,24.744628,27,0.929819,1,28.192737
465,5917,3.853373,6,0.929747,1,21.696944
466,5938,14.471284,21,0.929498,1,21.738415
467,5961,19.723677,23,0.929225,1,26.96101
468,5977,13.605514,16,0.929035,1,26.777344
469,6007,21.482335,30,0.928679,0,21.327639
470,6028,14.275036,21,0.928429,1,21.161701
471,6052,17.107629,24,0.928144,1,22.708511
472,6077,20.777035,25,0.927848,1,26.01332
473,6081,2.757291,4,0.9278,1,24.751814
474,6093,10.384118,12,0.927658,1,27.37387
475,6102,6.586999,9,0.927551,1,25.192568
476,6130,20.889883,28,0.927218,1,23.155776
477,6134,2.957371,4,0.927171,1,25.300356
478,6152,12.513719,18,0.926957,1,21.74119
479,6161,7.955575,9,0.92685,1,28.755592
480,6177,14.54613,16,0.92666,1,28.67502
481,6183,4.361782,6,0.926589,1,24.293233
482,6186,1.958373,3,0.926553,1,23.456451
483,6201,12.402944,15,0.926375,1,26.785156
484,6209,6.647889,8,0.92628,1,27.91618
485,6212,1.795329,3,0.926244,1,24.657334
486,6238,18.753466,26,0.925936,1,22.245923
487,6253,13.951894,15,0.925758,1,28.860103
488,6261,6.392331,8,0.925663,1,26.173146
489,6279,14.417017,18,0.925449,1,25.49756
490,6292,9.488192,13,0.925294,1,23.687766
491,6319,19.793429,27,0.924974,1,22.556202
492,6328,5.571645,9,0.924867,1,19.642153
493,6338,6.568056,10,0.924748,1,21.141125
494,6352,12.192856,14,0.924582,1,27.783533
495,6363,7.741031,11,0.924451,1,23.404069
496,6384,15.215243,21,0.924202,1,22.671538
497,6388,2.60128,4,0.924154,1,24.132126
498,6391,1.767153,3,0.924119,1,23.347427
499,6420,20.006797,29,0.923774,1,21.245611
500,6425,3.955619,5,0.923715,1,27.018487
501,6449,17.182823,24,0.92343,1,22.365206
502,6468,13.304353,19,0.923204,1,22.19654
503,6480,8.892179,12,0.923062,1,24.370743
504,6485,3.790727,5,0.923002,1,25.697237
505,6488,1.764923,3,0.922967,1,23.347427
506,6517,22.536795,29,0.922623,1,24.482931
507,6529,8.407654,12,0.92248,1,22.786214
508,6536,4.090909,7,0.922397,1,18.377625
509,6540,2.566059,4,0.922349,1,23.76057
510,6545,3.593243,5,0.92229,1,25.090501
511,6575,22.121732,30,0.921934,0,22.201018
512,6578,1.982557,3,0.921898,1,27.244751
513,6586,6.366992,8,0.921803,1,26.255468
514,6616,20.571645,30,0.921447,0,20.201018
515,6639,16.312347,23,0.921174,1,22.104086
516,6665,18.590113,26,0.920865,1,21.908745
517,6671,3.8815,6,0.920794,1,21.854087
518,6674,1.960209,3,0.920758,1,24.334
519,6699,19.292577,25,0.920461,1,24.175838
520,6705,3.613913,6,0.92039,1,20.726054
521,6735,27.041195,30,0.920034,0,27.494163
522,6758,19.204936,23,0.919761,1,26.37942
523,6765,6.048315,7,0.919678,1,29.051509
524,6777,9.402757,12,0.919535,1,25.747573
525,6797,13.739898,20,0.919297,1,21.560763
526,6817,14.730381,20,0.91906,1,22.950785
527,6820,1.597429,3,0.919024,1,23.38562
528,6824,2.514187,4,0.918977,1,25.0
529,6837,9.960601,13,0.918822,1,24.806009
530,6843,3.409091,6,0.918751,1,19.367874
531,6859,12.212663,16,0.918561,1,24.380777
532,6870,7.99426,11,0.918431,1,24.707071
533,6877,5.195635,7,0.918347,1,25.998892
534,6907,21.125048,30,0.917991,0,21.034322
535,6937,24.296231,30,0.917635,0,24.666495
536,6940,1.958373,3,0.917599,1,24.334
537,6944,2.599059,4,0.917552,1,23.020371
538,6956,8.017401,12,0.917409,1,21.422148
539,6959,1.598207,3,0.917374,1,23.441975
540,6963,2.279247,4,0.917326,1,20.457445
541,6991,19.966438,28,0.916994,1,22.206408
542,6999,6.752376,8,0.916899,1,26.923581
543,7029,25.044653,30,0.916543,0,25.63818
544,7059,21.739581,30,0.916186,0,22.029313
545,7065,4.163499,6,0.916115,1,24.173713
546,7068,1.997379,3,0.916079,1,27.330748
547,7073,3.56812,5,0.91602,1,25.489926
548,7078,3.20231,5,0.915961,1,24.345292
549,7088,7.090572,10,0.915842,1,23.504085
550,7115,19.115209,27,0.915521,1,21.564083
551,7141,19.146782,26,0.915212,1,22.654517
552,7166,17.894759,25,0.914916,1,22.443638
553,7170,2.955271,4,0.914868,1,26.272804
554,7195,18.744534,25,0.914571,1,23.190594
555,7215,13.868097,20,0.914334,1,21.268439
556,7229,10.404393,14,0.914168,1,24.110021
557,7235,3.726198,6,0.914096,1,22.117407
558,7245,8.760178,10,0.913977,1,28.380025
559,7252,5.957167,7,0.913894,1,27.942249
560,7282,21.885334,30,0.913538,0,22.172537
561,7294,9.993248,12,0.913396,1,27.227873
562,7299,3.514684,5,0.913336,1,25.970797
563,7310,8.476896,11,0.913206,1,25.157681
564,7323,8.618308,13,0.913051,1,21.459294
565,7331,6.955326,8,0.912956,1,28.136586
566,7361,22.083035,30,0.9126,0,22.133489
567,7391,21.844183,30,0.912244,0,21.867685
568,7396,3.052207,5,0.912184,1,21.678848
569,7406,6.569457,10,0.912066,1,20.864665
570,7433,19.625901,27,0.911745,1,22.10294
571,7444,7.367364,11,0.911614,1,21.461212
572,7449,3.455568,5,0.911555,1,25.673528
573,7453,2.759509,4,0.911508,1,24.5005
574,7459,3.997127,6,0.911436,1,23.29962
575,7474,10.893439,15,0.911258,1,23.586464
576,7479,2.963674,5,0.911199,1,21.039443
577,7488,6.992786,9,0.911092,1,25.492797
578,7495,5.786473,7,0.911009,1,28.104927
579,7501,4.79017,6,0.910937,1,26.572556
580,7514,10.002818,13,0.910783,1,24.597521
581,7529,13.361568,15,0.910605,1,28.253169
582,7533,2.162554,4,0.910558,1,19.196997
583,7540,5.358545,7,0.910474,1,26.068202
584,7544,2.131758,4,0.910427,1,19.1582
585,7574,20.88697,30,0.910071,0,20.701018
586,7592,13.763055,18,0.909857,1,24.449101
587,7622,23.912933,30,0.909501,0,24.201018
588,7637,12.046514,15,0.909323,1,25.33951
589,7657,14.353609,20,0.909085,1,22.668039
590,7667,6.845193,10,0.908966,1,22.969655
591,7679,9.199052,12,0.908824,1,25.035335
592,7702,15.83696,23,0.908551,1,21.526869
593,7711,7.799921,9,0.908444,1,28.552161
594,7719,6.359028,8,0.908349,1,25.775478
595,7734,10.960932,15,0.908171,1,23.400756
596,7764,22.602941,30,0.907814,0,22.534352
597,7794,20.971514,30,0.907458,0,20.834336
598,7807,9.845837,13,0.907304,1,24.326473
599,7828,17.203676,21,0.907054,1,26.148593
600,7835,5.159891,7,0.906971,1,25.353322
601,7840,4.120535,5,0.906912,1,29.020572
602,7857,15.18976,17,0.90671,1,27.706477
603,7861,2.596465,4,0.906663,1,23.14787
604,7864,1.597429,3,0.906627,1,23.908819
605,7886,19.760278,22,0.906366,1,27.778275
606,7904,13.493831,18,0.906152,1,23.640253
607,7919,11.7965,15,0.905974,1,25.513743
608,7929,7.798299,10,0.905855,1,25.254035
609,7957,20.908042,28,0.905523,1,23.275589
610,7966,6.803435,9,0.905416,1,25.169886
611,7984,13.896287,18,0.905202,1,24.513573
612,7990,5.076511,6,0.905131,1,28.995034
613,8008,15.757869,18,0.904917,1,27.505068
614,8012,2.399329,4,0.904869,1,22.109008
615,8019,4.329545,7,0.904786,1,20.151871
616,8025,4.358761,6,0.904715,1,25.014012
617,8038,11.191609,13,0.904561,1,27.716834
618,8041,1.958373,3,0.904525,1,24.669085
619,8046,3.560645,5,0.904466,1,24.6004
620,8050,2.959217,4,0.904418,1,26.004
621,8060,6.685908,10,0.904299,1,22.515656
622,8068,5.965891,8,0.904204,1,24.875907
623,8083,13.360609,15,0.904026,1,28.16521
624,8098,10.921218,15,0.903848,1,24.000002
625,8112,10.97893,14,0.903682,1,25.597269
626,8142,22.673221,30,0.903326,0,22.672537
627,8152,7.096686,10,0.903207,1,23.504224
628,8177,17.54456,25,0.90291,1,21.468085
629,8199,17.027249,22,0.902649,1,24.065244
630,8229,20.539909,30,0.902293,0,20.201018
631,8247,13.453762,18,0.902079,1,23.802398
632,8250,1.960209,3,0.902043,1,23.729121
633,8254,2.959217,4,0.901996,1,26.560797
634,8278,16.903467,24,0.901711,1,22.100995
635,8287,7.959012,9,0.901604,1,28.343632
636,8290,1.764923,3,0.901568,1,23.347427
637,8300,8.046952,10,0.901449,1,25.77473
638,8330,23.069578,30,0.901093,0,23.299818
639,8337,5.000233,7,0.90101,1,23.70517
640,8346,7.555353,9,0.900903,1,27.23252
641,8357,9.407344,11,0.900772,1,27.918086
642,8382,16.736938,25,0.900476,1,20.442511
643,8387,3.758507,5,0.900416,1,26.495482
644,8402,11.325338,15,0.900238,1,24.276381
645,8409,5.200449,7,0.900155,1,24.913706
646,8439,21.060081,30,0.899799,0,21.000029
647,8448,7.716302,9,0.899692,1,28.344754
648,8477,20.151853,29,0.899347,1,21.50143
649,8494,12.13279,17,0.899146,1,22.419089
650,8511,13.995593,17,0.898944,1,25.793219
651,8524,11.39814,13,0.898789,1,27.572665
652,8530,3.613891,6,0.898718,1,20.031327
653,8533,1.764923,3,0.898683,1,24.14964
654,8536,1.958373,3,0.898647,1,24.021175
655,8540,2.794337,4,0.898599,1,24.621241
656,8546,4.757953,6,0.898528,1,26.179635
657,8553,5.209353,7,0.898445,1,25.177575
658,8566,10.089223,13,0.898291,1,24.842552
659,8587,19.18749,21,0.898041,1,28.654023
660,8595,6.359476,8,0.897946,1,26.26054
661,8601,4.005682,6,0.897875,1,24.309074
662,8603,1.278391,2,0.897851,1,29.499772
663,8612,7.788594,9,0.897744,1,27.302546
664,8615,1.764923,3,0.897709,1,23.347427
665,8624,6.008128,9,0.897602,1,21.589383
666,8638,12.589601,14,0.897436,1,28.246669
667,8641,1.960209,3,0.8974,1,24.669085
668,8648,4.529524,7,0.897317,1,22.882176
669,8656,6.207306,8,0.897222,1,25.178432
670,8663,5.126875,7,0.897139,1,25.571973
671,8679,13.838426,16,0.896949,1,27.417698
672,8683,2.959217,4,0.896901,1,25.193363
673,8688,3.758123,5,0.896842,1,26.495482
674,8711,17.588409,23,0.896569,1,23.869883
675,8720,7.198732,9,0.896462,1,26.227265
676,8725,3.362749,5,0.896402,1,24.008456
677,8740,12.441969,15,0.896224,1,26.173468
678,8748,6.189552,8,0.896129,1,25.044916
679,8752,2.719202,4,0.896082,1,26.248934
680,8781,23.968711,29,0.895737,1,25.855996
681,8785,2.957371,4,0.89569,1,26.272804
682,8803,12.951378,18,0.895476,1,22.510717
683,8807,2.761346,4,0.895429,1,24.751814
684,8831,18.934835,24,0.895144,1,24.635133
685,8853,20.00656,22,0.894883,1,28.186031
686,8862,7.755114,9,0.894776,1,27.356035
687,8871,6.290705,9,0.894669,1,23.605433
688,8879,5.175979,8,0.894574,1,21.798763
689,8897,16.841919,18,0.89436,1,29.353365
690,8900,1.598207,3,0.894324,1,21.465249
691,8918,16.159861,18,0.894111,1,27.985056
692,8924,4.157973,6,0.894039,1,22.92584
693,8931,5.397767,7,0.893956,1,25.492086
694,8937,4.561489,6,0.893885,1,25.932482
695,8945,5.252588,8,0.89379,1,21.880101
696,8950,3.761176,5,0.893731,1,26.017059
697,8958,7.275353,8,0.893636,1,29.871181
698,8976,13.702599,18,0.893422,1,24.454397
699,8980,2.452478,4,0.893374,1,24.600497
700,8986,3.998632,6,0.893303,1,22.784046
701,8995,7.006389,9,0.893196,1,25.565694
702,9002,5.756075,7,0.893113,1,27.496892
703,9012,8.165286,10,0.892994,1,26.396657
704,9021,7.353628,9,0.892888,1,27.246312
705,9032,7.881835,11,0.892757,1,22.888704
706,9039,5.792279,7,0.892674,1,27.710319
707,9044,3.92233,5,0.892614,1,28.020645
708,9048,2.599059,4,0.892567,1,24.327673
709,9061,9.410295,13,0.892413,1,23.083939
710,9072,9.589095,11,0.892282,1,27.768488
711,9087,10.297043,15,0.892104,1,21.404769
712,9094,5.082215,7,0.892021,1,24.027557
713,9097,1.598207,3,0.891985,1,21.218853
714,9124,20.453715,27,0.891664,1,23.532077
715,9141,12.80866,17,0.891463,1,23.894173
716,9151,7.997474,10,0.891344,1,25.847905
717,9159,5.023951,8,0.891249,1,21.6754
718,9183,17.620599,24,0.890964,1,22.712124
719,9193,7.601261,10,0.890845,1,24.843628
720,9198,3.560252,5,0.890786,1,25.494651
721,9203,3.092137,5,0.890726,1,21.051386
722,9233,22.103175,30,0.89037,1,22.752373
723,9243,8.957162,10,0.890251,1,28.664021
724,9267,18.665766,24,0.889966,1,24.170952
725,9284,13.328693,17,0.889764,1,24.92943
726,9298,11.798082,14,0.889598,1,26.816359
727,9307,7.369221,9,0.889491,1,27.254597
728,9315,5.565494,8,0.889396,1,23.135326
729,9320,3.562482,5,0.889337,1,25.016815
730,9323,1.764923,3,0.889301,1,23.734909
731,9342,17.158244,19,0.889076,1,28.160198
732,9359,14.19761,17,0.888874,1,26.14053
733,9363,2.757291,4,0.888826,1,25.309394
734,9374,8.959872,11,0.888696,1,26.18311
735,9386,10.990678,12,0.888553,1,29.330787
736,9416,26.609341,30,0.888197,0,26.827463
737,9426,8.453449,10,0.888078,1,27.83606
738,9450,17.590037,24,0.887793,1,22.849401
739,9461,9.758298,11,0.887663,1,28.433282
740,9466,3.054833,5,0.887603,1,21.678848
741,9478,8.578733,12,0.887461,1,23.202982
742,9484,4.38634,6,0.887389,1,26.122375
743,9511,23.134326,27,0.887069,1,27.005391
744,9516,3.092137,5,0.887009,1,22.006784
745,9522,3.609098,6,0.886938,1,20.187128
746,9528,4.78655,6,0.886867,1,27.781554
747,9533,3.200465,5,0.886807,1,22.687206
748,9547,9.415168,14,0.886641,1,21.312128
749,9549,0.966017,2,0.886618,1,23.102363
750,9574,18.352702,25,0.886321,1,23.151341
751,9592,12.788874,18,0.886107,1,22.45855
752,9599,5.356445,7,0.886024,1,26.257108
753,9629,21.440117,30,0.885668,1,22.08653
754,9636,6.050677,7,0.885584,1,29.051509
755,9649,8.678221,13,0.88543,1,21.349115
756,9660,8.363048,11,0.885299,1,24.770738
757,9666,4.08353,6,0.885228,1,23.347107
758,9669,1.84979,3,0.885193,1,26.122547
759,9693,20.459942,24,0.884907,1,26.668378
760,9715,18.530852,22,0.884646,1,26.191105
761,9721,4.957168,6,0.884575,1,27.515441
762,9751,22.483644,30,0.884219,0,22.534352
763,9767,11.980186,16,0.884029,1,23.827759
764,9774,5.672849,7,0.883946,1,27.710047
765,9804,26.735265,30,0.883589,0,27.133289
766,9817,11.360581,13,0.883435,1,28.093601
767,9838,16.009911,21,0.883186,1,23.553684
768,9844,4.757953,6,0.883114,1,27.536128
769,9860,13.162315,16,0.882924,1,25.75489
770,9890,25.333382,30,0.882568,0,25.470545
771,9896,3.850318,6,0.882497,1,22.239135
772,9906,7.127298,10,0.882378,1,23.435745
773,9920,11.682586,14,0.882212,1,26.435177
774,9931,7.101281,11,0.882081,1,20.552094
775,9938,4.88469,7,0.881998,1,22.90945
776,9947,7.758299,9,0.881891,1,27.788076
777,9954,5.358556,7,0.881808,1,25.727316
778,9976,15.670994,22,0.881547,1,22.671853
779,10006,25.34555,30,0.881191,0,25.465683
780,10014,6.207319,8,0.881096,1,25.150469
781,10020,4.003463,6,0.881024,1,24.093972
782,10023,2.273971,3,0.880989,1,29.658198
783,10030,4.645386,7,0.880906,1,22.170759
784,10038,5.20942,8,0.880811,1,22.026904
785,10042,2.566054,4,0.880763,1,25.051643
786,10065,20.561036,23,0.88049,1,27.739764
787,10069,2.131758,4,0.880443,1,21.3332
788,10072,1.958373,3,0.880407,1,24.040843
789,10075,1.653941,3,0.880371,1,24.46733
790,10081,4.761147,6,0.8803,1,26.334014
791,10089,6.454054,8,0.880205,1,27.29118
792,10119,21.140927,30,0.879849,0,21.195315
793,10125,4.754291,6,0.879777,1,25.862772
794,10145,16.011671,20,0.87954,1,25.061889
795,10153,5.090925,8,0.879445,1,21.053428
796,10164,7.415304,11,0.879314,1,21.822003
797,10185,18.098377,21,0.879065,1,27.013478
798,10190,3.486514,5,0.879006,1,25.829112
799,10199,5.742356,9,0.878899,1,21.706809
800,10202,1.960209,3,0.878863,1,26.761903
801,10209,5.358545,7,0.87878,1,25.727316
802,10235,17.651223,26,0.878471,1,21.000436
803,10240,2.92728,5,0.878412,1,20.685534
804,10249,6.484189,9,0.878305,1,23.465209
805,10254,4.054115,5,0.878246,1,28.672119
806,10259,3.765991,5,0.878186,1,27.041654
807,10270,9.323591,11,0.878056,1,27.74443
808,10280,7.68802,10,0.877937,1,25.005085
809,10289,5.857767,9,0.87783,1,21.299111
810,10293,2.851196,4,0.877783,1,27.090443
811,10315,16.425979,22,0.877521,1,23.347944
812,10334,14.893071,19,0.877296,1,24.57734
813,10347,10.841309,13,0.877141,1,26.495028
814,10354,5.356716,7,0.877058,1,25.727316
815,10358,2.518647,4,0.877011,1,25.0
816,10366,5.209129,8,0.876916,1,21.390346
817,10396,23.553203,30,0.876559,0,23.666495
818,10405,5.8909,9,0.876452,1,21.300434
819,10425,13.985945,20,0.876215,1,22.002101
820,10443,16.195687,18,0.876001,1,27.971469
821,10451,5.564962,8,0.875906,1,23.279672
822,10454,1.960209,3,0.875871,1,25.028024
823,10460,4.75612,6,0.875799,1,26.189124
824,10462,0.966017,2,0.875776,1,25.103286
825,10470,6.957171,8,0.875681,1,27.548582
826,10488,14.169988,18,0.875467,1,24.449594
827,10499,7.925486,11,0.875336,1,23.294832
828,10529,22.946378,30,0.87498,0,23.32847
829,10532,1.958373,3,0.874944,1,24.669085
830,10539,4.798232,7,0.874861,1,23.900933
831,10541,0.966017,2,0.874837,1,25.103286
832,10543,0.928064,2,0.874814,1,25.095656
833,10553,8.406133,10,0.874695,1,27.124435
834,10561,5.026498,8,0.8746,1,21.683338
835,10581,13.92374,20,0.874362,1,22.075309
836,10597,13.653247,16,0.874173,1,27.123091
837,10613,12.248341,16,0.873982,1,24.612276
838,10626,9.769452,13,0.873828,1,24.536729
839,10642,13.990922,16,0.873638,1,27.528328
840,10645,1.960209,3,0.873603,1,24.021175
841,10658,10.46985,13,0.873448,1,25.773146
842,10668,8.75236,10,0.873329,1,27.620432
843,10683,13.008406,15,0.873151,1,27.586688
844,10701,14.478368,18,0.872938,1,25.320904
845,10707,4.400026,6,0.872866,1,25.071481
846,10713,4.003463,6,0.872795,1,23.072672
847,10723,9.072136,10,0.872676,1,29.396945
848,10728,3.756265,5,0.872617,1,25.077072
849,10736,6.758299,8,0.872522,1,27.97504
850,10747,8.436808,11,0.872391,1,25.612101
851,10750,1.960209,3,0.872356,1,25.028024
852,10771,15.431969,21,0.872106,1,23.213203
853,10784,10.589449,13,0.871952,1,25.790653
854,10790,4.567268,6,0.871881,1,26.715091
855,10796,4.124824,6,0.871809,1,24.499338
856,10824,20.788699,28,0.871477,1,23.404541
857,10838,12.5523,14,0.871311,1,28.485737
858,10862,18.487501,24,0.871026,1,24.026
859,10886,17.4094,24,0.870741,1,22.568468
860,10898,10.557572,12,0.870598,1,27.673187
861,10919,17.409981,21,0.870349,1,25.85772
862,10922,1.767153,3,0.870313,1,22.646986
863,10947,18.711271,25,0.870016,1,23.335425
864,10956,7.760149,9,0.869909,1,28.357424
865,10959,1.600037,3,0.869874,1,20.846765
866,10986,19.235597,27,0.869553,1,21.96341
867,10996,7.649248,10,0.869434,1,24.979918
868,11001,3.567297,5,0.869375,1,25.490616
869,11011,8.471715,10,0.869256,1,27.897457
870,11017,4.959018,6,0.869185,1,27.169086
871,11034,12.540935,17,0.868983,1,23.836265
872,11037,1.958373,3,0.868947,1,24.021175
873,11059,16.368183,22,0.868686,1,23.276169
874,11072,9.95758,13,0.868532,1,24.748807
875,11081,7.191251,9,0.868425,1,25.942933
876,11090,6.243534,9,0.868318,1,22.799529
877,11094,2.399343,4,0.868271,1,23.076633
878,11101,4.651327,7,0.868188,1,22.633689
879,11107,4.756104,6,0.868116,1,27.079687
880,11125,15.960615,18,0.867903,1,27.846908
881,11135,8.0541,10,0.867784,1,26.836644
882,11143,5.854837,8,0.867689,1,25.416598
883,11158,12.761757,15,0.867511,1,26.867635
884,11172,10.726828,14,0.867344,1,24.328266
885,11177,3.560645,5,0.867285,1,25.759397
886,11195,14.171902,18,0.867071,1,24.943183
887,11200,3.36535,5,0.867012,1,23.22102
888,11214,11.240315,14,0.866846,1,25.74492
889,11235,15.10163,21,0.866596,1,22.200068
890,11240,3.565067,5,0.866537,1,25.009884
891,11245,3.216294,5,0.866478,1,24.041265
892,11251,5.277195,6,0.866406,1,29.828246
893,11267,14.15781,16,0.866216,1,27.818216
894,11276,7.788317,9,0.866109,1,27.89468
895,11279,1.958373,3,0.866074,1,23.456451
896,11296,12.479227,17,0.865872,1,23.729124
897,11314,12.6741,18,0.865658,1,22.312913
898,11316,1.276554,2,0.865634,1,29.499772
899,11332,12.724419,16,0.865444,1,25.214826
900,11341,6.286664,9,0.865337,1,22.900513
901,11361,13.713642,20,0.8651,1,21.570586
902,11380,16.481657,19,0.864874,1,26.850445
903,11385,3.40935,5,0.864815,1,24.016571
904,11394,7.010291,9,0.864708,1,25.133758
905,11409,13.189777,15,0.86453,1,27.400673
906,11422,11.006543,13,0.864376,1,26.89443
907,11433,9.319398,11,0.864245,1,27.736657
908,11443,8.397761,10,0.864126,1,27.152907
909,11450,5.794133,7,0.864043,1,26.531843
910,11452,1.276554,2,0.864019,1,29.499772
911,11460,5.409266,8,0.863924,1,22.419544
912,11469,7.082151,9,0.863818,1,25.565849
913,11477,6.847973,8,0.863722,1,28.54507
914,11482,3.959047,5,0.863663,1,27.760046
915,11487,4.050416,5,0.863604,1,28.672119
916,11503,12.760791,16,0.863414,1,24.850127
917,11528,19.697703,25,0.863117,1,24.552013
918,11534,5.050589,6,0.863046,1,28.893428
919,11550,14.354645,16,0.862856,1,28.130793
920,11563,11.847897,13,0.862701,1,29.104736
921,11575,9.995004,12,0.862559,1,26.540516
922,11581,4.987566,6,0.862488,1,28.622414
923,11593,9.768339,12,0.862345,1,26.35041
924,11623,22.0005,30,0.861989,0,22.36768
925,11633,7.603893,10,0.86187,1,25.197023
926,11638,3.959047,5,0.861811,1,27.760046
927,11647,7.472262,9,0.861704,1,26.23723
928,11668,16.605403,21,0.861454,1,24.516577
929,11675,4.850329,7,0.861371,1,23.378265
930,11683,6.360221,8,0.861276,1,26.405519
931,11691,6.957162,8,0.861181,1,27.876822
932,11694,1.960209,3,0.861146,1,24.334
933,11712,15.560689,18,0.860932,1,27.291342
934,11723,9.402212,11,0.860801,1,27.31173
935,11728,3.654204,5,0.860742,1,26.672354
936,11736,6.875971,8,0.860647,1,28.621805
937,11747,7.139936,11,0.860516,1,20.686192
938,11770,20.109945,23,0.860243,1,27.466717
939,11800,22.473985,30,0.859887,0,22.700187
940,11813,11.008659,13,0.859733,1,26.544886
941,11819,4.764116,6,0.859661,1,26.020328
942,11835,11.331649,16,0.859471,1,22.404864
943,11849,10.089905,14,0.859305,1,22.627099
944,11864,13.754595,15,0.859127,1,28.359244
945,11888,21.07222,24,0.858842,1,27.133493
946,11896,5.568372,8,0.858747,1,23.775604
947,11906,7.696033,10,0.858628,1,25.697344
948,11909,1.960209,3,0.858592,1,25.028024
949,11912,1.764923,3,0.858557,1,23.347427
950,11933,18.039064,21,0.858308,1,26.447079
951,11962,19.865777,29,0.857963,1,21.150615
952,11970,6.095831,8,0.857868,1,26.038912
953,11979,6.168974,9,0.857761,1,22.344956
954,11984,3.957201,5,0.857702,1,28.056907
955,11987,1.958373,3,0.857666,1,25.824418
956,12000,9.619566,13,0.857512,1,23.431927
957,12004,2.76616,4,0.857464,1,25.945884
958,12012,6.957162,8,0.857369,1,28.136586
959,12016,2.568289,4,0.857322,1,24.36223
960,12033,13.180019,17,0.85712,1,24.635313
961,12037,2.757291,4,0.857073,1,25.021018
962,12051,11.037409,14,0.856906,1,24.718918
963,12054,1.958373,3,0.856871,1,24.334
964,12074,17.360202,20,0.856633,1,27.373913
965,12077,1.602273,3,0.856598,1,22.435511
966,12083,4.955589,6,0.856526,1,27.515441
967,12100,13.367892,17,0.856324,1,24.676504
968,12116,14.358985,16,0.856134,1,28.202771
969,12142,19.784461,26,0.855826,1,23.591755
970,12152,7.100994,10,0.855707,1,24.020601
971,12156,2.566059,4,0.855659,1,22.568918
972,12166,8.581851,10,0.855541,1,28.168925
973,12175,6.108441,9,0.855434,1,22.886625
974,12179,2.759115,4,0.855386,1,25.021018
975,12186,5.957172,7,0.855303,1,28.034906
976,12192,4.75612,6,0.855232,1,26.682073
977,12214,15.305875,22,0.854971,1,21.391964
978,12216,1.121128,2,0.854947,1,27.558956
979,12221,3.321375,5,0.854888,1,24.399205
980,12225,2.759509,4,0.85484,1,24.103295
981,12232,4.327327,7,0.854757,1,20.363907
982,12240,6.158446,8,0.854662,1,25.635514
983,12247,5.160291,7,0.854579,1,24.580503
984,12253,3.611695,6,0.854507,1,21.084377
985,12258,3.55841,5,0.854448,1,25.247515
986,12265,5.798098,7,0.854365,1,28.138574
987,12278,8.499024,13,0.854211,1,20.521494
988,12308,22.519631,30,0.853854,0,22.866545
989,12321,10.573797,13,0.8537,1,26.553144
990,12348,20.263012,27,0.853379,1,23.285794
991,12373,21.514169,25,0.853082,1,26.869379
992,12391,14.161203,18,0.852869,1,25.293584
993,12396,3.957206,5,0.852809,1,26.92548
994,12414,15.754497,18,0.852596,1,27.505149
995,12424,7.976156,10,0.852477,1,26.336057
996,12427,1.454778,3,0.852441,1,22.26344
997,12438,9.756454,11,0.852311,1,27.762604
998,12444,4.652318,6,0.852239,1,27.226795
999,12458,9.346657,14,0.852073,1,21.073833
1000,12467,7.756475,9,0.851966,1,27.265398
1001,12474,6.277194,7,0.851883,1,29.852779
1002,12489,12.414454,15,0.851705,1,26.585391
1003,12495,3.920509,6,0.851634,1,22.246066
1004,12500,2.744651,5,0.851574,1,20.693321
1005,12506,4.561489,6,0.851503,1,25.345954
1006,12518,9.413683,12,0.851361,1,24.617243
1007,12522,2.985178,4,0.851313,1,27.933612
1008,12526,3.273531,4,0.851266,1,29.742582
1009,12532,4.959018,6,0.851194,1,27.013028
1010,12538,4.760184,6,0.851123,1,26.179635
1011,12549,8.592042,11,0.850993,1,25.565149
1012,12558,6.41387,9,0.850886,1,23.774389
1013,12564,4.959018,6,0.850814,1,27.013028
1014,12581,14.28959,17,0.850612,1,26.754347
1015,12583,0.966017,2,0.850589,1,23.102363
1016,12601,13.334391,18,0.850375,1,23.337922
1017,12609,6.395334,8,0.85028,1,25.576281
1018,12621,8.929435,12,0.850137,1,23.365667
1019,12646,18.348326,25,0.849841,1,22.935427
1020,12650,2.164773,4,0.849793,1,20.862547
1021,12679,22.156137,29,0.849449,1,23.585479
1022,12692,9.258254,13,0.849294,1,23.080062
1023,12700,6.955328,8,0.849199,1,27.876822
1024,12716,14.364273,16,0.849009,1,28.455648
1025,12719,1.958373,3,0.848974,1,24.334
1026,12731,8.68619,12,0.848831,1,23.776671
1027,12738,5.568086,7,0.848748,1,27.17241
1028,12748,8.101922,10,0.848629,1,26.836059
1029,12761,11.553218,13,0.848475,1,28.172568
1030,12765,2.280025,4,0.848428,1,20.28113
1031,12770,3.09216,5,0.848368,1,23.040974
1032,12773,1.958373,3,0.848333,1,24.574129
1033,12777,3.277229,4,0.848285,1,29.742582
1034,12793,14.191751,16,0.848095,1,27.715277
1035,12796,1.795329,3,0.848059,1,22.255106
1036,12826,26.263839,30,0.847703,0,26.632512
1037,12832,4.760324,6,0.847632,1,26.335456
1038,12843,9.588154,11,0.847501,1,27.239
1039,12848,3.959047,5,0.847442,1,28.043353
1040,12851,1.960209,3,0.847406,1,25.412525
1041,12857,5.197649,6,0.847335,1,29.494912
1042,12866,6.809379,9,0.847228,1,25.275268
1043,12871,3.955372,5,0.847169,1,27.760046
1044,12877,4.204376,6,0.847098,1,23.906209
1045,12888,9.95321,11,0.846967,1,28.64479
1046,12899,8.639991,11,0.846836,1,25.789581
1047,12914,11.058997,15,0.846658,1,23.49854
1048,12923,7.754871,9,0.846551,1,27.453137
1049,12926,1.960209,3,0.846516,1,25.028024
1050,12947,17.493426,21,0.846266,1,26.247888
1051,12963,13.372673,16,0.846076,1,26.810598
1052,12967,2.761346,4,0.846029,1,25.021018
1053,12979,10.955321,12,0.845886,1,28.575128
1054,12989,6.976386,10,0.845768,1,23.244878
1055,12994,3.959047,5,0.845708,1,26.803499
1056,13009,11.21896,15,0.84553,1,24.222482
1057,13015,3.731813,6,0.845459,1,21.397849
1058,13023,6.201119,8,0.845364,1,25.430575
1059,13037,11.9948,14,0.845198,1,26.857685
1060,13042,3.587627,5,0.845138,1,26.346851
1061,13066,21.111214,24,0.844853,1,27.23826
1062,13096,25.53371,30,0.844497,0,25.972516
1063,13110,12.124627,14,0.844331,1,27.864489
1064,13119,7.196086,9,0.844224,1,26.280648
1065,13122,1.960209,3,0.844188,1,25.028024
1066,13132,7.612048,10,0.844069,1,25.397775
1067,13155,18.018264,23,0.843796,1,24.261504
1068,13181,22.47626,26,0.843487,1,26.926642
1069,13194,10.594662,13,0.843333,1,26.110398
1070,13224,21.561268,30,0.842977,1,22.168163
1071,13227,1.764923,3,0.842941,1,23.734909
1072,13231,2.566059,4,0.842894,1,24.695191
1073,13253,17.499233,22,0.842633,1,24.399063
1074,13265,8.51349,12,0.84249,1,23.610842
1075,13267,1.276554,2,0.842466,1,29.499772
1076,13270,2.079527,3,0.842431,1,27.999848
1077,13287,13.170713,17,0.842229,1,25.00176
1078,13313,21.019041,26,0.84192,1,25.132212
1079,13341,23.056654,28,0.841587,1,25.580155
1080,13364,18.27259,23,0.841314,1,25.001785
1081,13372,6.277093,8,0.841219,1,25.229799
1082,13402,21.521909,30,0.840863,0,21.700848
1083,13432,24.139776,30,0.840507,0,24.465791
1084,13442,6.541001,10,0.840388,1,21.338705
1085,13466,20.241484,24,0.840103,1,26.358418
1086,13470,2.399329,4,0.840056,1,22.606004
1087,13473,1.958373,3,0.84002,1,25.412525
1088,13476,1.597429,3,0.839984,1,20.846765
1089,13479,1.795329,3,0.839949,1,23.482782
1090,13489,7.96147,10,0.83983,1,25.707573
1091,13496,5.654426,7,0.839747,1,27.623919
1092,13512,14.75135,16,0.839557,1,29.076036
1093,13533,16.093016,21,0.839307,1,24.075708
1094,13539,3.611676,6,0.839236,1,20.564313
1095,13542,1.960209,3,0.839201,1,25.028024
1096,13551,7.792282,9,0.839094,1,27.254994
1097,13581,27.353747,30,0.838738,0,27.534175
1098,13593,10.026312,12,0.838595,1,27.227874
1099,13601,5.372054,8,0.8385,1,22.242352
1100,13630,25.449723,29,0.838156,1,27.200011
1101,13637,5.205384,7,0.838072,1,25.54282
1102,13645,6.40799,8,0.837978,1,25.673569
1103,13650,3.758507,5,0.837918,1,25.077072
1104,13670,16.078238,20,0.837681,1,25.056753
1105,13679,7.555797,9,0.837574,1,26.89735
1106,13688,7.758328,9,0.837467,1,28.357419
1107,13695,5.959013,7,0.837384,1,27.253762
1108,13703,6.754618,8,0.837289,1,27.511585
1109,13706,1.767153,3,0.837253,1,23.347427
1110,13717,7.301204,11,0.837122,1,21.366697
1111,13747,23.312391,30,0.836766,0,23.696146
1112,13764,14.984592,17,0.836564,1,27.477926
1113,13775,9.559055,11,0.836434,1,27.735699
1114,13778,2.123509,3,0.836398,1,28.368456
1115,13800,18.553592,22,0.836137,1,26.544073
1116,13818,13.626455,18,0.835923,1,23.911092
1117,13822,2.399343,4,0.835876,1,23.831481
1118,13835,11.751421,13,0.835721,1,28.557257
1119,13837,0.966017,2,0.835697,1,23.72446
1120,13840,1.960209,3,0.835662,1,26.738356
1121,13866,20.567386,26,0.835353,1,24.271727
1122,13884,16.753031,18,0.835139,1,28.958019
1123,13905,16.699166,21,0.83489,1,24.51545
1124,13923,13.489731,18,0.834676,1,23.579741
1125,13936,11.756184,13,0.834522,1,28.753871
1126,13966,23.935288,30,0.834166,0,24.200989
1127,13985,15.21666,19,0.83394,1,25.408742
1128,13993,6.522744,8,0.833845,1,27.512903
1129,14013,14.698564,20,0.833608,1,23.448531
1130,14038,21.803357,25,0.833311,1,27.1607
1131,14045,5.758479,7,0.833228,1,26.483701
1132,14064,13.503638,19,0.833002,1,21.850241
1133,14073,6.249006,9,0.832895,1,23.052489
1134,14088,10.346549,15,0.832717,1,22.16326
1135,14110,19.947136,22,0.832456,1,28.049011
1136,14121,7.612627,11,0.832325,1,22.209502
1137,14141,15.820881,20,0.832087,1,24.669293
1138,14148,5.358188,7,0.832004,1,25.055052
1139,14178,23.380313,30,0.831648,0,23.632516
1140,14185,5.849942,7,0.831565,1,28.337224
1141,14212,21.632844,27,0.831244,1,25.046045
1142,14236,16.836575,24,0.830959,1,21.809824
1143,14243,5.554622,7,0.830876,1,26.606307
1144,14255,10.756634,12,0.830734,1,28.167733
1145,14261,3.773015,6,0.830663,1,21.866332
1146,14270,7.790695,9,0.830556,1,27.828151
1147,14278,5.612635,8,0.830461,1,23.619322
1148,14308,24.098884,30,0.830104,0,24.304705
1149,14313,3.957201,5,0.830045,1,27.760046
1150,14318,4.120535,5,0.829986,1,29.020572
1151,14321,1.922914,3,0.82995,1,26.705971
1152,14351,21.167157,30,0.829594,0,21.034352
1153,14359,5.128446,8,0.829499,1,21.745355
1154,14388,22.057293,29,0.829154,1,23.45147
1155,14403,13.359328,15,0.828976,1,27.933937
1156,14414,7.26643,11,0.828846,1,22.127563
1157,14420,4.408217,6,0.828774,1,24.366835
1158,14425,4.11047,5,0.828715,1,28.964808
1159,14435,6.650242,10,0.828596,1,21.753854
1160,14440,3.585915,5,0.828537,1,26.338367
1161,14444,2.759509,4,0.828489,1,25.021018
1162,14454,7.883287,10,0.828371,1,25.747824
1163,14474,15.326463,20,0.828133,1,24.123863
1164,14491,15.553773,17,0.827931,1,28.319288
1165,14498,5.39644,7,0.827848,1,25.779031
1166,14508,8.559605,10,0.827729,1,27.509147
1167,14515,5.080289,7,0.827646,1,24.1451
1168,14521,3.980498,6,0.827575,1,23.89464
1169,14530,5.737837,9,0.827468,1,21.278474
1170,14550,13.71313,20,0.827231,1,21.25413
1171,14572,17.718384,22,0.826969,1,25.533384
1172,14584,10.358741,12,0.826827,1,27.115714
1173,14603,14.858284,19,0.826601,1,24.319885
1174,14625,16.062097,22,0.82634,1,22.754162
1175,14629,2.401191,4,0.826292,1,22.348937
1176,14634,3.046577,5,0.826233,1,22.202308
1177,14642,5.965891,8,0.826138,1,25.010509
1178,14653,8.762952,11,0.826008,1,25.916734
1179,14656,1.795329,3,0.825972,1,23.482782
1180,14669,9.010385,13,0.825817,1,22.182291
1181,14699,23.062717,30,0.825461,0,23.367684
1182,14726,18.891822,27,0.825141,1,22.10344
1183,14745,13.550823,19,0.824915,1,22.648722
1184,14754,7.000442,9,0.824808,1,25.603223
1185,14766,8.020584,12,0.824666,1,21.461541
1186,14782,11.931317,16,0.824476,1,23.961694
1187,14812,22.129289,30,0.824119,0,22.171705
1188,14820,6.01049,8,0.824024,1,25.011376
1189,14832,8.213691,12,0.823882,1,21.947482
1190,14852,16.121614,20,0.823644,1,25.586722
1191,14865,8.776173,13,0.82349,1,21.290721
1192,14870,3.957201,5,0.823431,1,28.043353
1193,14875,3.054833,5,0.823371,1,21.678848
1194,14900,17.363236,25,0.823074,1,21.734245
1195,14913,9.817501,13,0.82292,1,24.382275
1196,14933,16.848906,20,0.822682,1,26.335216
1197,14937,2.568289,4,0.822635,1,24.155162
1198,14944,5.525488,7,0.822552,1,26.995764
1199,14974,24.297505,30,0.822196,0,24.367685
1200,14993,17.351043,19,0.82197,1,28.551488
1201,15018,18.857289,25,0.821673,1,23.203707
1202,15037,16.723607,19,0.821447,1,27.90017
1203,15067,20.736459,30,0.821091,0,20.534327
1204,15080,10.166167,13,0.820937,1,25.045763
1205,15109,23.187306,29,0.820593,1,24.63848
1206,15113,2.761346,4,0.820545,1,24.680596
1207,15122,7.19582,9,0.820438,1,25.838006
1208,15127,3.758513,5,0.820379,1,26.495482
1209,15157,22.608406,30,0.820022,0,22.700871
1210,15160,1.960209,3,0.819987,1,25.028024
1211,15168,5.764608,8,0.819892,1,23.656812
1212,15173,3.98944,5,0.819832,1,28.346896
1213,15185,8.690046,12,0.81969,1,23.753523
1214,15206,19.353426,21,0.819441,1,28.689441
1215,15228,16.259885,22,0.819179,1,22.880445
1216,15242,10.850858,14,0.819013,1,24.30564
1217,15262,14.774815,20,0.818776,1,23.103176
1218,15292,23.980498,30,0.818419,1,24.751573
1219,15322,24.412018,30,0.818063,0,24.533177
1220,15330,5.802347,8,0.817968,1,24.299472
1221,15335,2.727273,5,0.817909,1,18.355925
1222,15342,5.676557,7,0.817826,1,27.710047
1223,15344,1.278391,2,0.817802,1,29.499772
1224,15355,8.201497,11,0.817671,1,24.403386
1225,15365,7.25893,10,0.817553,1,24.336178
1226,15395,21.142267,30,0.817196,0,21.167669
1227,15425,21.094477,30,0.81684,0,21.034352
1228,15434,7.355729,9,0.816733,1,26.557528
1229,15442,6.363588,8,0.816638,1,26.724633
1230,15447,3.555801,5,0.816579,1,24.578198
1231,15461,9.937225,14,0.816412,1,23.365838
1232,15470,6.799701,9,0.816306,1,24.731533
1233,15476,4.756104,6,0.816234,1,25.898016
1234,15494,14.304002,18,0.816021,1,25.001955
1235,15503,7.163761,9,0.815914,1,26.249244
1236,15524,17.126393,21,0.815664,1,25.665212
1237,15533,7.480873,9,0.815558,1,27.679499
1238,15547,10.484757,14,0.815391,1,24.571407
1239,15550,1.922265,3,0.815356,1,26.705971
1240,15559,7.953484,9,0.815249,1,28.192333
1241,15589,24.104644,30,0.814893,0,24.201018
1242,15591,1.050855,2,0.814869,1,26.68382
1243,15610,14.965663,19,0.814643,1,25.210501
1244,15626,13.879188,16,0.814453,1,26.923522
1245,15631,3.401001,5,0.814394,1,23.879341
1246,15638,5.959013,7,0.814311,1,27.870383
1247,15648,7.99575,10,0.814192,1,26.233101
1248,15654,4.397796,6,0.814121,1,25.254829
1249,15661,4.816167,7,0.814037,1,23.015004
1250,15691,23.552917,30,0.813681,0,23.638156
1251,15721,21.090382,30,0.813325,0,21.034352
1252,15724,1.602273,3,0.813289,1,20.568092
1253,15754,23.540516,30,0.812933,0,23.701018
1254,15764,7.529354,10,0.812814,1,24.539565
1255,15784,16.111908,20,0.812577,1,25.336667
1256,15793,5.653425,9,0.81247,1,20.198637
1257,15811,15.19863,18,0.812256,1,26.454853
1258,15823,10.952126,12,0.812114,1,28.584548
1259,15828,3.081147,5,0.812054,1,21.224904
1260,15842,10.094642,14,0.811888,1,22.875501
1261,15847,3.20231,5,0.811829,1,22.87915
1262,15866,15.324951,19,0.811603,1,25.794883
1263,15868,1.050855,2,0.811579,1,26.68382
1264,15884,13.902308,16,0.811389,1,27.608405
1265,15895,7.485632,11,0.811259,1,22.383206
1266,15898,1.958373,3,0.811223,1,23.729121
1267,15927,23.434499,29,0.810879,1,25.309499
1268,15934,5.011458,7,0.810796,1,24.29772
1269,15958,17.473941,24,0.810511,1,22.48255
1270,15982,22.752812,24,0.810226,1,29.32501
1271,15986,2.76616,4,0.810178,1,25.012356
1272,16003,11.872451,17,0.809976,1,22.551109
1273,16020,13.599412,17,0.809774,1,25.613464
1274,16025,3.560252,5,0.809715,1,24.031577
1275,16029,2.757291,4,0.809667,1,25.618313
1276,16050,17.199535,21,0.809418,1,25.718697
1277,16075,19.928266,25,0.809121,1,24.737786
1278,16103,22.060345,28,0.808789,1,24.585255
1279,16119,11.23414,16,0.808599,1,22.399639
1280,16129,6.689743,10,0.80848,1,21.476767
1281,16142,10.084461,13,0.808326,1,25.15154
1282,16153,7.604072,11,0.808195,1,22.503658
1283,16163,6.548296,10,0.808076,1,21.339277
1284,16185,18.798334,22,0.807815,1,26.874699
1285,16199,11.913873,14,0.807649,1,27.507342
1286,16209,7.363211,10,0.80753,1,24.379975
1287,16239,26.718922,30,0.807174,0,26.965648
1288,16263,21.538923,24,0.806889,1,27.968514
1289,16266,1.363636,3,0.806853,1,19.096694
1290,16273,4.995436,7,0.80677,1,23.94164
1291,16286,10.597654,13,0.806616,1,26.551181
1292,16297,9.394645,11,0.806485,1,27.518767
1293,16323,21.235693,26,0.806176,1,25.592296
1294,16326,1.602273,3,0.806141,1,20.568092
1295,16336,8.756194,10,0.806022,1,28.009269
1296,16365,23.447955,29,0.805678,1,25.015633
1297,16379,10.645346,14,0.805511,1,24.076986
1298,16394,12.913356,15,0.805333,1,27.66466
1299,16397,1.600054,3,0.805297,1,20.065242
1300,16408,8.051853,11,0.805167,1,23.721472
1301,16429,15.192813,21,0.804917,1,22.57219
1302,16436,4.176249,7,0.804834,1,20.970415
1303,16455,13.294836,19,0.804609,1,21.935757
1304,16480,22.28755,25,0.804312,1,27.60175
1305,16492,8.889675,12,0.804169,1,23.700207
1306,16498,4.959018,6,0.804098,1,27.169086
1307,16517,13.358501,19,0.803872,1,22.286105
1308,16547,21.533125,30,0.803516,0,21.666691
1309,16573,20.158042,26,0.803208,1,24.150059
1310,16579,4.756104,6,0.803136,1,26.604566
1311,16609,21.653138,30,0.80278,0,21.834336
1312,16625,13.390885,16,0.80259,1,26.268403
1313,16655,23.695875,30,0.802234,0,23.799158
1314,16661,4.756509,6,0.802163,1,26.682073
1315,16691,22.550411,30,0.801806,0,22.833338
1316,16716,18.977873,25,0.801509,1,23.803649
1317,16719,1.960209,3,0.801474,1,23.729121
1318,16730,9.554401,11,0.801343,1,27.306356
1319,16745,13.754865,15,0.801165,1,28.920022
1320,16761,11.65464,16,0.800975,1,23.248139
1321,16767,3.997535,6,0.800904,1,23.784357
1322,16797,21.696384,30,0.800547,0,21.701018
1323,16827,20.625192,30,0.800191,0,20.367685
1324,16831,2.396748,4,0.800144,1,21.768586
1325,16850,16.316713,19,0.799918,1,27.196552
1326,16853,1.795329,3,0.799883,1,22.825941
1327,16856,1.600037,3,0.799847,1,21.465249
1328,16869,8.731939,13,0.799693,1,21.417494
1329,16877,6.992612,8,0.799597,1,28.996182
1330,16885,5.991963,8,0.799503,1,25.874031
1331,16905,14.777137,20,0.799265,1,23.053242
1332,16915,8.040803,10,0.799146,1,25.462898
1333,16945,21.85247,30,0.79879,1,22.445587
1334,16959,9.214092,14,0.798624,1,20.433056
1335,16989,22.991699,30,0.798268,0,23.132491
1336,17015,17.718726,26,0.797959,1,20.656193
1337,17024,7.356754,9,0.797852,1,26.342018
1338,17040,11.260874,16,0.797662,1,21.893229
1339,17048,6.2035,8,0.797567,1,25.780518
1340,17060,9.715536,12,0.797424,1,26.654499
1341,17068,4.977385,8,0.797329,1,21.121187
1342,17076,5.564793,8,0.797234,1,23.625053
1343,17079,1.958373,3,0.797199,1,23.729121
1344,17083,2.403409,4,0.797151,1,23.492716
1345,17092,7.199262,9,0.797044,1,25.838982
1346,17099,5.755127,7,0.796961,1,27.320616
1347,17109,8.157279,10,0.796843,1,26.509264
1348,17120,9.585901,11,0.796712,1,27.867754
1349,17146,20.523973,26,0.796403,1,24.346715
1350,17152,4.955334,6,0.796332,1,27.707386
1351,17175,18.137716,23,0.796059,1,24.889083
1352,17201,19.718369,26,0.79575,1,23.76696
1353,17231,22.708406,30,0.795394,0,22.867656
1354,17235,2.281872,4,0.795346,1,22.109411
1355,17243,6.559061,8,0.795251,1,27.350039
1356,17251,6.082162,8,0.795156,1,24.525468
1357,17267,10.91179,16,0.794966,1,21.715504
1358,17270,1.598207,3,0.794931,1,20.207898
1359,17293,17.616499,23,0.794658,1,23.71255
1360,17306,9.92322,13,0.794503,1,24.07804
1361,17309,1.764923,3,0.794467,1,24.14964
1362,17315,4.752443,6,0.794396,1,26.071244
1363,17320,3.158965,5,0.794337,1,21.214966
1364,17350,24.536101,30,0.793981,0,24.799016
1365,17354,2.401191,4,0.793933,1,24.194444
1366,17364,8.355549,10,0.793814,1,26.962102
1367,17388,17.942085,24,0.793529,1,23.196518
1368,17400,9.805459,12,0.793387,1,26.006519
1369,17411,8.961806,11,0.793256,1,26.476144
1370,17417,3.878556,6,0.793185,1,21.854087
1371,17423,4.164225,6,0.793114,1,23.992679
1372,17429,4.361383,6,0.793042,1,25.632831
1373,17454,18.107756,25,0.792746,1,22.337097
1374,17460,3.997196,6,0.792674,1,23.232625
1375,17482,20.154373,22,0.792413,1,28.194353
1376,17486,2.399343,4,0.792366,1,24.194444
1377,17496,7.365387,10,0.792247,1,24.878076
1378,17526,21.326135,30,0.791891,0,21.367519
1379,17535,7.203382,9,0.791784,1,25.83895
1380,17544,6.563771,9,0.791677,1,24.330527
1381,17548,2.398983,4,0.791629,1,22.563855
1382,17554,4.758343,6,0.791558,1,26.033971
1383,17573,14.365707,19,0.791332,1,23.895118
1384,17582,7.75183,9,0.791226,1,27.788076
1385,17585,1.925144,3,0.79119,1,26.705971
1386,17588,1.602273,3,0.791154,1,22.990288
1387,17597,6.787336,9,0.791048,1,25.74825
1388,17604,4.454669,7,0.790964,1,21.433382
1389,17623,15.051368,19,0.790739,1,25.703251
1390,17644,16.846888,21,0.790489,1,25.1613
1391,17658,9.747963,14,0.790323,1,22.270483
1392,17688,22.605465,30,0.789967,1,23.169903
1393,17694,4.275061,6,0.789896,1,23.765557
1394,17699,3.758513,5,0.789836,1,26.495482
1395,17729,22.578637,30,0.78948,0,22.799015
1396,17750,17.416909,21,0.789231,1,26.011635
1397,17758,5.327302,8,0.789136,1,22.304499
1398,17786,23.608924,28,0.788803,1,25.967077
1399,17816,23.397756,30,0.788447,0,23.637182
1400,17828,8.847656,12,0.788304,1,23.914186
1401,17836,5.483773,8,0.788209,1,22.640565
1402,17855,16.154872,19,0.787984,1,26.790395
1403,17882,19.492142,27,0.787663,1,22.902512
1404,17890,5.841786,8,0.787568,1,24.303555
1405,17900,8.400366,10,0.787449,1,26.866711
1406,17908,5.087698,8,0.787354,1,20.590522
1407,17931,17.065194,23,0.787081,1,23.327206
1408,17936,3.593719,5,0.787022,1,26.398449
1409,17954,13.056755,18,0.786808,1,22.722639
1410,17963,7.159512,9,0.786701,1,26.24935
1411,17974,8.244566,11,0.786571,1,24.321823
1412,17979,3.20231,5,0.786511,1,21.903202
1413,17993,10.487818,14,0.786345,1,24.374032
1414,17996,2.119225,3,0.786309,1,28.368456
1415,18026,21.334976,30,0.785953,0,21.367543
1416,18056,21.622583,30,0.785597,0,21.63349
1417,18060,2.759509,4,0.785549,1,24.751814
1418,18072,7.949097,12,0.785407,1,20.9219
1419,18078,3.997482,6,0.785336,1,22.923383
1420,18082,2.759115,4,0.785288,1,24.046841
1421,18099,12.330729,17,0.785086,1,23.030931
1422,18105,4.163881,6,0.785015,1,24.57482
1423,18120,12.952809,15,0.784837,1,27.138382
1424,18130,6.778242,10,0.784718,1,22.342885
1425,18135,3.560645,5,0.784659,1,25.016815
1426,18153,14.808221,18,0.784445,1,25.588653
1427,18165,8.664261,12,0.784303,1,23.885047
1428,18178,8.850785,13,0.784148,1,21.876596
1429,18183,3.254354,5,0.784089,1,24.680398
1430,18206,17.227399,23,0.783816,1,23.507701
1431,18210,2.759115,4,0.783768,1,25.021018
1432,18217,5.394586,7,0.783685,1,25.042065
1433,18243,18.559201,26,0.783376,1,22.038605
1434,18273,22.316137,30,0.78302,0,22.367684
1435,18286,9.128227,13,0.782866,1,22.444587
1436,18316,21.944182,30,0.782509,0,22.201018
1437,18346,22.114619,30,0.782153,0,22.333309
1438,18371,18.542024,25,0.781856,1,23.244983
1439,18392,14.74077,21,0.781607,1,21.955873
1440,18408,12.963209,16,0.781417,1,25.563503
1441,18418,8.196197,10,0.781298,1,26.157685
1442,18427,7.3531,9,0.781191,1,26.269758
1443,18445,12.156048,18,0.780977,1,21.113378
1444,18471,19.263147,26,0.780669,1,22.943426
1445,18480,6.762947,9,0.780562,1,24.95787
1446,18496,14.151089,16,0.780372,1,27.818293
1447,18501,3.874814,5,0.780312,1,27.794919
1448,18504,1.598207,3,0.780277,1,21.808005
1449,18519,12.080953,15,0.780099,1,25.471687
1450,18549,22.165759,30,0.779743,0,22.505728
1451,18572,19.08765,23,0.779469,1,25.955193
1452,18577,3.316041,5,0.77941,1,25.0
1453,18587,6.732955,10,0.779291,1,21.677963
1454,18591,2.397471,4,0.779244,1,21.885074
1455,18621,21.063855,30,0.778887,0,21.034323
1456,18631,7.568938,10,0.778769,1,25.244963
1457,18661,26.366689,30,0.778412,0,26.465648
1458,18669,6.196483,8,0.778317,1,25.429535
1459,18699,25.117427,30,0.777961,0,25.494135
1460,18720,17.60612,21,0.777712,1,26.48778
1461,18726,3.526191,6,0.777641,1,19.343849
1462,18730,2.397471,4,0.777593,1,22.109008
1463,18760,22.304809,30,0.777237,0,22.700988
1464,18774,10.967611,14,0.777071,1,25.174984
1465,18804,21.650061,30,0.776714,0,21.672537
1466,18808,2.401173,4,0.776667,1,22.348937
1467,18818,6.664142,10,0.776548,1,22.368535
1468,18830,7.819905,12,0.776406,1,20.48649
1469,18851,17.769238,21,0.776156,1,26.003062
1470,18858,5.557394,7,0.776073,1,26.78249
1471,18888,20.625217,30,0.775717,0,20.362818
1472,18918,24.788035,30,0.775361,0,25.139188
1473,18931,9.214504,13,0.775206,1,23.219519
1474,18942,9.361152,11,0.775076,1,26.999513
1475,18958,13.172163,16,0.774886,1,26.184755
1476,18970,8.167871,12,0.774743,1,22.275542
1477,18989,15.754251,19,0.774517,1,26.264003
1478,19019,20.771717,30,0.774161,0,20.534181
1479,19030,7.139899,11,0.774031,1,20.76233
1480,19033,1.960209,3,0.773995,1,25.412525
1481,19043,8.646509,10,0.773876,1,28.336056
1482,19053,8.360581,10,0.773757,1,26.707817
1483,19059,4.652171,6,0.773686,1,27.218442
1484,19071,7.863698,12,0.773544,1,21.036992
1485,19092,15.944572,21,0.773294,1,23.990491
1486,19111,17.358338,19,0.773069,1,28.425931
1487,19135,16.640077,24,0.772784,1,21.625189
1488,19165,22.256849,30,0.772428,0,22.638215
1489,19171,5.118683,6,0.772356,1,29.183799
1490,19197,18.317331,26,0.772047,1,22.244466
1491,19227,21.173226,30,0.771691,0,21.201018
1492,19257,22.791981,30,0.771335,0,22.966681
1493,19264,5.160287,7,0.771252,1,25.084391
1494,19285,13.958116,21,0.771003,1,20.604566
1495,19301,13.196221,16,0.770813,1,26.498179
1496,19304,1.960209,3,0.770777,1,26.738356
1497,19329,19.494461,25,0.77048,1,24.116062
1498,19359,22.220768,30,0.770124,0,22.366682
1499,19389,21.095501,30,0.769767,0,21.034352
1500,19404,11.123248,15,0.769589,1,23.503159
1501,19414,8.35464,10,0.769471,1,27.009268
1502,19428,10.536638,14,0.769304,1,23.819949
1503,19441,11.120701,13,0.76915,1,27.700248
1504,19453,9.003384,12,0.769008,1,24.204435
1505,19457,2.599059,4,0.76896,1,24.742765
1506,19477,17.410094,20,0.768722,1,27.312207
1507,19507,22.792982,30,0.768366,0,22.828295
1508,19510,1.784043,3,0.768331,1,25.577705
1509,19521,8.477385,11,0.7682,1,24.654892
1510,19531,7.84309,10,0.768081,1,25.081474
1511,19541,8.399041,10,0.767962,1,27.009269
1512,19566,17.673373,25,0.767666,1,21.86767
1513,19574,5.517938,8,0.767571,1,22.534397
1514,19581,5.198932,7,0.767487,1,24.650077
1515,19591,6.450098,10,0.767369,1,20.669169
1516,19593,0.966017,2,0.767345,1,23.310325
1517,19597,2.2511,4,0.767297,1,20.423461
1518,19601,2.401191,4,0.76725,1,23.492716
1519,19623,15.457388,22,0.766989,1,21.807625
1520,19626,1.600037,3,0.766953,1,20.568092
1521,19635,7.555376,9,0.766846,1,27.001619
1522,19644,6.302532,9,0.766739,1,24.25926
1523,19652,5.804595,8,0.766644,1,24.009297
1524,19682,23.15056,30,0.766288,0,23.465825
1525,19689,5.369227,7,0.766205,1,25.158273
1526,19693,2.761346,4,0.766158,1,24.751814
1527,19718,22.153548,25,0.765861,1,27.520583
1528,19746,23.162508,28,0.765528,1,25.757276
1529,19755,5.766891,9,0.765421,1,20.937173
1530,19772,12.676474,17,0.765219,1,23.540925
1531,19784,9.597742,12,0.765077,1,25.936388
1532,19788,2.759509,4,0.765029,1,25.309394
1533,19804,13.806119,16,0.764839,1,27.190678
1534,19826,16.342134,22,0.764578,1,23.418933
1535,19848,19.991421,22,0.764317,1,28.487931
1536,19878,20.94322,30,0.763961,0,20.833505
1537,19886,6.595128,8,0.763866,1,27.156082
1538,19913,21.497641,27,0.763545,1,25.064239
1539,19943,21.279602,30,0.763189,1,21.97213
1540,19948,3.646081,5,0.763129,1,26.640768
1541,19956,5.846437,8,0.763034,1,24.563758
1542,19968,8.929412,12,0.762892,1,23.757699
1543,19975,5.355112,7,0.762809,1,25.727316
1544,19986,7.724883,11,0.762678,1,22.369373
1545,20002,11.21032,16,0.762488,1,21.945263
1546,20022,16.370445,20,0.762251,1,26.166856
1547,20025,1.602273,3,0.762215,1,23.441975
1548,20049,19.967543,24,0.76193,1,26.128242
1549,20079,20.823972,30,0.761574,0,20.701018
1550,20090,8.285072,11,0.761443,1,24.115681
1551,20118,20.643094,28,0.761111,1,23.236475
1552,20125,4.565946,7,0.761027,1,21.683998
1553,20150,18.857916,25,0.760731,1,23.56065
1554,20164,11.200159,14,0.760564,1,25.744573
1555,20175,7.606185,11,0.760434,1,22.672236
1556,20180,3.996581,5,0.760374,1,28.394023
1557,20201,17.501679,21,0.760125,1,26.2008
1558,20204,1.454778,3,0.760089,1,20.899215
1559,20224,15.407472,20,0.759852,1,24.059223
1560,20229,3.197884,5,0.759792,1,23.461307
1561,20238,7.475643,9,0.759686,1,27.663841
1562,20268,20.968353,30,0.759329,0,20.867684
1563,20298,22.983105,30,0.758973,0,23.201017
1564,20316,13.432968,18,0.758759,1,23.720532
1565,20343,20.66568,27,0.758439,1,23.731811
1566,20373,24.492534,30,0.758082,0,24.799152
1567,20399,21.212505,26,0.757774,1,25.079932
1568,20429,22.350652,30,0.757417,0,22.666672
1569,20441,9.615187,12,0.757275,1,25.934275
1570,20446,3.363478,5,0.757216,1,23.791214
1571,20464,12.154608,18,0.757002,1,21.246892
1572,20471,5.580784,7,0.756919,1,27.39064
1573,20481,7.654761,10,0.7568,1,25.836764
1574,20511,22.912245,30,0.756444,0,23.200989
1575,20541,25.290408,30,0.756088,0,25.466657
1576,20554,9.133126,13,0.755933,1,22.69556
1577,20560,5.076106,6,0.755862,1,28.994933
1578,20564,2.957377,4,0.755814,1,26.272804
1579,20572,5.67985,8,0.755719,1,23.448466
1580,20587,10.974884,15,0.755541,1,22.86761
1581,20610,16.516819,23,0.755268,1,22.251277
1582,20630,14.268084,20,0.755031,1,22.50413
1583,20660,20.454545,30,0.754674,0,20.034352
1584,20677,11.702313,17,0.754472,1,22.060594
1585,20683,4.359563,6,0.754401,1,25.014012
1586,20685,0.966017,2,0.754378,1,23.102363
1587,20713,21.307764,28,0.754045,1,23.79444
1588,20723,6.458099,10,0.753926,1,20.838563
1589,20733,7.794945,10,0.753807,1,25.019581
1590,20763,23.705759,30,0.753451,0,24.195147
1591,20774,8.070936,11,0.753321,1,24.200514
1592,20786,9.601446,12,0.753178,1,25.841036
1593,20790,3.123424,4,0.753131,1,28.775806
1594,20802,8.547513,12,0.752988,1,23.613987
1595,20813,8.7174,11,0.752857,1,26.37302
1596,20818,3.051413,5,0.752798,1,22.084661
1597,20848,21.55671,30,0.752442,0,21.534347
1598,20866,13.9237,18,0.752228,1,24.655542
1599,20896,21.284303,30,0.751872,0,21.334336
1600,20902,4.200087,6,0.751801,1,23.90604
1601,20911,6.332126,9,0.751694,1,23.155535
1602,20927,13.755613,16,0.751504,1,27.193204
1603,20949,16.745408,22,0.751243,1,23.976284
1604,20979,24.893094,30,0.750886,0,25.332359
1605,21008,21.828228,29,0.750542,1,23.854913
1606,21019,9.754632,11,0.750411,1,28.190225
1607,21027,5.568372,8,0.750316,1,23.129214
1608,21035,5.56474,8,0.750221,1,23.625053
1609,21051,11.851848,16,0.750031,1,23.13079
1610,21076,19.532281,25,0.749734,1,24.044561
1611,21083,5.203707,7,0.749651,1,25.013001
1612,21089,3.893273,6,0.74958,1,21.709488
1613,21119,20.897834,30,0.749224,0,20.701018
1614,21142,16.309309,23,0.748951,1,22.103033
1615,21147,3.595473,5,0.748891,1,23.92514
1616,21157,7.002334,10,0.748773,1,22.254719
1617,21187,20.770491,30,0.748416,0,20.534352
1618,21217,24.789851,30,0.74806,0,25.029485
1619,21227,7.125626,10,0.747941,1,23.54247
1620,21257,25.449605,30,0.747585,0,25.867543
1621,21271,9.93121,14,0.747419,1,22.740708
1622,21276,3.758123,5,0.747359,1,26.248638
1623,21280,2.403409,4,0.747312,1,22.606004
1624,21310,20.63003,30,0.746956,0,20.338372
1625,21321,7.579279,11,0.746825,1,23.184542
1626,21341,14.067189,20,0.746587,1,22.12362
1627,21351,7.281277,10,0.746469,1,23.641276
1628,21369,14.087057,18,0.746255,1,24.585672
1629,21379,8.387155,10,0.746136,1,27.673449
1630,21404,19.569929,25,0.745839,1,24.360652
1631,21411,4.816193,7,0.745756,1,23.743509
1632,21424,9.774667,13,0.745602,1,24.870341
1633,21439,10.343325,15,0.745424,1,22.34626
1634,21446,5.406174,7,0.745341,1,25.892017
1635,21476,20.771694,30,0.744984,0,20.500171
1636,21480,2.281855,4,0.744937,1,20.28113
1637,21491,8.68506,11,0.744806,1,25.388254
1638,21518,20.938096,27,0.744486,1,24.273549
1639,21533,13.595527,15,0.744308,1,28.797965
1640,21538,3.198221,5,0.744248,1,24.065185
1641,21563,23.521252,25,0.743951,1,29.204111
1642,21574,9.55193,11,0.743821,1,27.735699
1643,21584,7.162766,10,0.743702,1,23.508407
1644,21593,7.362451,9,0.743595,1,27.246308
1645,21612,13.067153,19,0.743369,1,21.320137
1646,21636,20.283243,24,0.743084,1,26.624987
1647,21643,5.402997,7,0.743001,1,25.573922
1648,21670,24.203109,27,0.742681,1,27.83441
1649,21700,23.218868,30,0.742324,0,23.500029
1650,21710,7.01574,10,0.742206,1,23.229025
1651,21719,7.787139,9,0.742099,1,28.526054
1652,21727,6.59023,8,0.742004,1,26.685804
1653,21757,25.919837,30,0.741648,1,26.512293
1654,21783,18.548997,26,0.741339,1,22.37276
1655,21813,24.132046,30,0.740982,0,24.495304
1656,21843,23.23788,30,0.740626,0,23.466509
1657,21851,4.858091,8,0.740531,1,19.598315
1658,21854,1.764923,3,0.740496,1,24.14964
1659,21879,18.199715,25,0.740199,1,22.804212
1660,21898,15.279162,19,0.739973,1,25.343454
1661,21915,11.906107,17,0.739771,1,22.282142
1662,21920,3.204545,5,0.739712,1,22.508059
1663,21929,5.981931,9,0.739605,1,22.268792
1664,21959,22.588296,30,0.739249,0,22.861816
1665,21965,4.3573,6,0.739178,1,25.014012
1666,21988,16.7078,23,0.738904,1,22.694353
1667,21996,6.003244,8,0.738809,1,25.496363
1668,22026,21.13064,30,0.738453,0,21.034352
1669,22030,2.76616,4,0.738406,1,23.82292
1670,22060,26.277491,30,0.738049,0,26.466657
1671,22080,14.732164,20,0.737812,1,23.348506
1672,22091,8.805867,11,0.737681,1,25.564021
1673,22107,12.84476,16,0.737491,1,25.478582
1674,22124,13.139867,17,0.737289,1,24.222417
1675,22139,12.799136,15,0.737111,1,26.895817
1676,22145,3.643662,6,0.73704,1,21.034547
1677,22154,5.742178,9,0.736933,1,20.656818
1678,22180,19.946589,26,0.736624,1,23.928271
1679,22210,20.454545,30,0.736268,0,20.034352
1680,22224,9.530704,14,0.736102,1,21.673999
1681,22248,17.759128,24,0.735817,1,23.220224
1682,22255,5.756091,7,0.735734,1,26.600605
1683,22285,22.440839,30,0.735378,0,22.701018
1684,22305,14.82335,20,0.73514,1,23.312207
1685,22322,12.295465,17,0.734938,1,22.502773
1686,22337,10.861826,15,0.73476,1,23.138292
1687,22342,2.963691,5,0.734701,1,20.674955
1688,22352,7.796539,10,0.734582,1,25.281204
1689,22356,2.759509,4,0.734534,1,24.046841
1690,22371,11.637353,15,0.734356,1,24.782299
1691,22374,1.600054,3,0.734321,1,20.065242
1692,22379,3.790575,5,0.734261,1,27.346889
1693,22383,2.045455,4,0.734214,1,18.541264
1694,22389,3.643662,6,0.734143,1,20.177432
1695,22419,25.150151,30,0.733786,0,25.50587
1696,22449,21.835962,30,0.73343,0,22.034348
1697,22479,21.756972,30,0.733074,0,21.534352
1698,22508,21.533029,29,0.732729,1,23.222178
1699,22525,14.043105,17,0.732527,1,26.278499
1700,22531,4.401361,6,0.732456,1,24.590341
1701,22544,11.34515,13,0.732302,1,27.699437
1702,22574,23.636808,30,0.731946,0,23.832331
1703,22604,24.901084,30,0.731589,0,25.13234
1704,22630,18.550937,26,0.731281,1,22.507945
1705,22640,8.581529,10,0.731162,1,28.173449
1706,22658,12.629624,18,0.730948,1,22.055095
1707,22684,19.828126,26,0.730639,1,23.915112
1708,22693,6.0547,9,0.730533,1,22.641936
1709,22698,3.957198,5,0.730473,1,27.018487
1710,22728,21.791977,30,0.730117,0,21.867685
1711,22739,7.406233,11,0.729986,1,21.669981
1712,22742,1.960209,3,0.729951,1,26.265661
1713,22754,9.401906,12,0.729808,1,24.677193
1714,22768,11.956894,14,0.729642,1,27.260015
1715,22776,5.648895,8,0.729547,1,23.674585
1716,22781,3.756289,5,0.729488,1,26.759951
1717,22789,5.606694,8,0.729392,1,24.268302
1718,22819,21.843064,30,0.729036,0,22.167503
1719,22824,3.052207,5,0.728977,1,21.678848
1720,22854,22.228484,30,0.728621,0,22.528482
1721,22882,20.079691,28,0.728288,1,22.32443
1722,22890,5.308077,8,0.728193,1,22.549872
1723,22897,5.652302,7,0.72811,1,27.622942
1724,22912,12.247726,15,0.727932,1,25.61678
1725,22942,22.475278,30,0.727576,0,22.70099
1726,22966,18.972427,24,0.727291,1,24.478274
1727,22996,21.322128,30,0.726934,0,21.367514
1728,23006,8.19816,10,0.726816,1,26.34375
1729,23011,3.367196,5,0.726756,1,24.008456
1730,23014,1.960209,3,0.726721,1,25.412525
1731,23024,8.793989,10,0.726602,1,28.696945
1732,23036,10.756711,12,0.726459,1,28.650027
1733,23066,21.380832,30,0.726103,0,21.367685
1734,23077,7.136346,11,0.725973,1,20.786001
1735,23100,17.49029,23,0.725699,1,23.714306
1736,23126,18.113891,26,0.725391,1,21.799063
1737,23156,21.689781,30,0.725034,0,21.867685
1738,23179,16.945424,23,0.724761,1,23.161149
1739,23202,18.259168,23,0.724488,1,24.396611
1740,23220,16.750905,18,0.724274,1,28.834322
1741,23240,15.493719,20,0.724037,1,24.129329
1742,23269,22.073588,29,0.723693,1,23.536109
1743,23281,10.00198,12,0.72355,1,26.192053
1744,23311,21.958206,30,0.723194,0,21.867685
1745,23321,7.212867,10,0.723075,1,24.004224
1746,23336,13.154707,15,0.722897,1,27.534302
1747,23356,15.244285,20,0.722659,1,24.19848
1748,23386,21.558931,30,0.722303,0,21.534352
1749,23410,16.676245,24,0.722018,1,21.502678
1750,23425,10.738432,15,0.72184,1,22.559042
1751,23433,6.981773,8,0.721745,1,28.966811
1752,23436,1.597429,3,0.721709,1,21.808005
1753,23466,23.435064,30,0.721353,0,23.666672
1754,23496,23.987388,30,0.720997,0,24.299149
1755,23521,20.302296,25,0.7207,1,25.460247
1756,23534,8.824794,13,0.720546,1,21.413059
1757,23537,1.764923,3,0.72051,1,23.347427
1758,23567,21.291497,30,0.720154,0,21.367685
1759,23597,20.738726,30,0.719798,0,20.501003
1760,23615,16.356471,18,0.719584,1,28.338483
1761,23645,23.263414,30,0.719228,0,23.367685
1762,23666,14.805118,21,0.718978,1,22.386567
1763,23670,2.784074,4,0.718931,1,26.683563
1764,23700,21.401916,30,0.718574,0,21.367685
1765,23716,13.24193,16,0.718384,1,26.159157
1766,23723,5.356292,7,0.718301,1,26.459503
1767,23753,22.079108,30,0.717945,0,21.965683
1768,23766,10.479875,13,0.717791,1,25.920727
1769,23796,25.68722,30,0.717434,0,26.160797
1770,23809,9.611765,13,0.71728,1,24.323009
1771,23839,24.499614,30,0.716924,0,24.494272
1772,23869,22.244512,30,0.716568,0,22.504843
1773,23894,19.144398,25,0.716271,1,24.317638
1774,23908,10.006928,14,0.716104,1,22.945541
1775,23912,2.723401,4,0.716057,1,26.279478
1776,23918,3.773015,6,0.715986,1,22.296239
1777,23948,23.429932,30,0.715629,0,23.466623
1778,23965,12.6179,17,0.715428,1,23.004317
1779,23979,9.810417,14,0.715261,1,22.642581
1780,23982,1.795329,3,0.715226,1,24.657334
1781,23990,5.565521,8,0.715131,1,22.874983
1782,24020,24.671854,30,0.714774,0,25.333358
1783,24050,22.953965,30,0.714418,0,22.965843
1784,24061,9.074459,11,0.714287,1,27.179508
1785,24091,21.72351,30,0.713931,0,21.867685
1786,24106,11.12377,15,0.713753,1,23.749544
1787,24126,16.514281,20,0.713516,1,25.940015
1788,24156,22.283815,30,0.713159,0,22.466652
1789,24163,5.400987,7,0.713076,1,25.028373
1790,24193,22.590541,30,0.71272,0,22.534352
1791,24223,21.117638,30,0.712364,0,21.201014
1792,24227,2.456439,4,0.712316,1,24.583333
1793,24257,23.152275,30,0.71196,0,23.500171
1794,24287,21.575536,30,0.711604,0,21.700848
1795,24317,22.069404,30,0.711248,0,22.339204
1796,24338,16.643999,21,0.710998,1,24.343063
1797,24363,18.741639,25,0.710701,1,22.885404
1798,24393,21.865732,30,0.710345,0,22.138186
1799,24423,21.681881,30,0.709989,0,21.534352
1800,24443,17.586086,20,0.709751,1,27.231422
1801,24446,1.764923,3,0.709716,1,24.659174
1802,24465,16.757005,19,0.70949,1,27.636393
1803,24482,14.91172,17,0.709288,1,27.263908
1804,24496,11.95889,14,0.709122,1,26.93416
1805,24509,9.060352,13,0.708967,1,22.353069
1806,24518,8.07225,9,0.708861,1,29.329939
1807,24538,14.613237,20,0.708623,1,23.123869
1808,24568,20.651185,30,0.708267,0,20.367685
1809,24583,10.542472,15,0.708089,1,22.19999
1810,24606,18.714213,23,0.707816,1,25.666037
1811,24616,6.541819,10,0.707697,1,21.539538
1812,24622,4.656394,6,0.707626,1,27.226795
1813,24626,2.401173,4,0.707578,1,21.676069
1814,24633,5.751856,7,0.707495,1,27.496892
1815,24663,26.155929,30,0.707139,1,26.9577
1816,24668,3.40935,5,0.707079,1,24.494509
1817,24698,20.973279,30,0.706723,0,20.866853
1818,24712,12.152141,14,0.706557,1,27.506008
1819,24724,10.485867,12,0.706414,1,28.259977
1820,24754,22.94221,30,0.706058,1,23.836414
1821,24767,9.015361,13,0.705904,1,22.310925
1822,24777,6.804457,10,0.705785,1,21.836979
1823,24784,5.475956,7,0.705702,1,25.162151
1824,24814,22.914553,30,0.705346,0,23.200016
1825,24823,7.082151,9,0.705239,1,25.565849
1826,24853,23.116105,30,0.704883,0,23.201018
1827,24875,17.365605,22,0.704621,1,24.829288
1828,24904,21.348804,29,0.704277,1,23.110571
1829,24915,7.894568,11,0.704146,1,22.82469
1830,24930,12.450121,15,0.703968,1,26.557371
1831,24960,23.308718,30,0.703612,0,23.804852
1832,24975,12.92701,15,0.703434,1,27.597963
1833,24998,19.805361,23,0.703161,1,26.669564
1834,25013,11.370688,15,0.702983,1,24.496585
1835,25043,22.990934,30,0.702626,0,23.161829
1836,25073,21.377654,30,0.70227,0,21.367656
1837,25087,10.607356,14,0.702104,1,23.95609
1838,25117,20.975127,30,0.701747,0,20.867684
1839,25147,25.675069,30,0.701391,0,26.194174
1840,25158,8.000939,11,0.701261,1,23.592365
1841,25163,3.758507,5,0.701201,1,26.018243
1842,25178,10.816637,15,0.701023,1,23.132781
1843,25186,6.557607,8,0.700928,1,26.886581
1844,25189,1.600037,3,0.700892,1,20.568092
1845,25219,23.870665,30,0.700536,0,24.298983
1846,25249,24.141187,30,0.70018,0,24.465791
1847,25267,15.752917,18,0.699966,1,27.637411
1848,25285,14.20671,18,0.699752,1,25.394571
1849,25315,22.397965,30,0.699396,0,22.471518
1850,25321,4.561489,6,0.699325,1,25.345954
1851,25330,6.762123,9,0.699218,1,24.568795
1852,25344,9.820534,14,0.699052,1,22.674921
1853,25361,12.490858,17,0.69885,1,23.117638
1854,25367,4.553457,6,0.698779,1,25.200237
1855,25370,1.598207,3,0.698743,1,21.751806
1856,25377,5.56132,7,0.69866,1,26.144888
1857,25395,12.46216,18,0.698446,1,21.857555
1858,25425,24.875975,30,0.69809,0,25.29901
1859,25447,17.194635,22,0.697829,1,24.284143
1860,25455,4.944531,8,0.697734,1,20.423229
1861,25461,3.847986,6,0.697663,1,22.668722
1862,25490,23.020816,29,0.697318,1,24.954029
1863,25506,14.195308,16,0.697128,1,28.060694
1864,25532,20.190001,26,0.696819,1,24.13378
1865,25537,3.953519,5,0.69676,1,27.24883
1866,25544,5.592824,7,0.696677,1,27.424302
1867,25551,5.957163,7,0.696594,1,28.400046
1868,25565,10.606502,14,0.696427,1,24.109271
1869,25589,18.813435,24,0.696142,1,24.520257
1870,25610,17.355365,21,0.695893,1,26.0841
1871,25637,19.91908,27,0.695572,1,23.486873
1872,25644,4.801955,7,0.695489,1,23.716071
1873,25648,2.957371,4,0.695442,1,25.753108
1874,25676,21.096424,28,0.695109,1,23.743925
1875,25693,14.954829,17,0.694908,1,27.720256
1876,25702,6.12179,9,0.694801,1,22.824875
1877,25708,3.996812,6,0.694729,1,23.072672
1878,25722,9.306926,14,0.694563,1,20.956116
1879,25752,20.770495,30,0.694207,0,20.533378
1880,25765,8.855547,13,0.694052,1,21.349781
1881,25785,14.828058,20,0.693815,1,23.421447
1882,25815,21.132398,30,0.693459,0,21.200876
1883,25838,17.714363,23,0.693186,1,24.339029
1884,25865,19.855176,27,0.692865,1,22.7812
1885,25891,22.761127,26,0.692556,1,27.118618
1886,25921,21.363237,30,0.6922,0,21.333334
1887,25951,22.596994,30,0.691844,0,22.833333
1888,25962,8.395694,11,0.691713,1,24.945071
1889,25992,21.993159,30,0.691357,0,22.033349
1890,26002,6.543443,10,0.691238,1,21.337476
1891,26008,4.003446,6,0.691167,1,23.587622
1892,26017,7.365171,9,0.69106,1,26.142056
1893,26038,16.530533,21,0.690811,1,24.394823
1894,26050,8.567788,12,0.690668,1,23.499355
1895,26061,7.248344,11,0.690538,1,21.221324
1896,26064,1.960209,3,0.690502,1,23.456451
1897,26074,6.221727,10,0.690383,1,20.120725
1898,26084,8.402217,10,0.690264,1,27.455995
1899,26109,22.004459,25,0.689968,1,27.207084
1900,26137,22.064222,28,0.689635,1,24.82438
1901,26143,4.448212,6,0.689564,1,26.388781
1902,26145,1.278391,2,0.68954,1,29.499772
1903,26152,5.003423,7,0.689457,1,24.06232
1904,26163,9.714474,11,0.689326,1,28.645708
1905,26193,20.665006,30,0.68897,0,20.367685
1906,26223,21.879495,30,0.688614,0,21.867685
1907,26253,21.440867,30,0.688257,0,21.367685
1908,26258,3.760353,5,0.688198,1,25.415145
1909,26288,22.717255,30,0.687842,0,23.033378
1910,26300,10.170363,12,0.687699,1,27.398443
1911,26321,16.968939,21,0.68745,1,25.53539
1912,26326,3.957206,5,0.687391,1,27.018487
1913,26350,16.402106,24,0.687106,1,21.33778
1914,26380,21.322879,30,0.686749,0,21.367685
1915,26398,14.444664,18,0.686536,1,25.742459
1916,26403,2.930677,5,0.686476,1,21.079105
1917,26430,20.654759,27,0.686156,1,23.797464
1918,26439,7.053505,9,0.686049,1,26.484641
1919,26469,21.880002,30,0.685693,0,21.632349
1920,26474,3.586846,5,0.685633,1,26.346851
1921,26504,20.970087,30,0.685277,0,20.867681
1922,26534,27.001123,30,0.684921,0,27.201013
1923,26564,24.256239,30,0.684564,0,24.367685
1924,26594,21.714597,30,0.684208,0,21.633347
1925,26601,5.36039,7,0.684125,1,25.727316
1926,26617,12.555932,16,0.683935,1,25.233095
1927,26634,14.342845,17,0.683733,1,26.961857
1928,26646,8.569257,12,0.683591,1,22.787029
1929,26650,2.596465,4,0.683543,1,23.369456
1930,26657,5.392364,7,0.68346,1,25.498027
1931,26675,13.996156,18,0.683246,1,24.681705
1932,26705,21.58979,30,0.68289,1,22.173174
1933,26735,22.514219,30,0.682534,0,22.534347
1934,26765,21.726948,30,0.682177,0,21.701018
1935,26795,23.22143,30,0.681821,0,23.671534
1936,26798,1.767153,3,0.681786,1,23.347427
1937,26828,22.519784,30,0.681429,0,22.534352
1938,26835,6.117094,7,0.681346,1,29.300398
1939,26838,1.958373,3,0.681311,1,25.824418
1940,26841,1.767153,3,0.681275,1,22.330709
1941,26861,14.696124,20,0.681037,1,22.769263
1942,26876,10.654659,15,0.680859,1,22.681098
1943,26879,1.598207,3,0.680824,1,20.065242
1944,26885,4.59345,6,0.680752,1,25.739195
1945,26900,12.387391,15,0.680574,1,26.177134
1946,26930,21.08764,30,0.680218,0,21.001003
1947,26933,1.767153,3,0.680183,1,22.035033
1948,26946,9.205322,13,0.680028,1,22.890094
1949,26949,1.958373,3,0.679992,1,24.021175
1950,26979,21.766846,30,0.679636,0,22.033349
1951,26993,10.644727,14,0.67947,1,24.292314
1952,27006,8.939205,13,0.679316,1,21.938096
1953,27011,2.932895,5,0.679256,1,20.871457
1954,27027,12.846802,16,0.679066,1,25.250566
1955,27057,20.808018,30,0.67871,0,20.534352
1956,27084,18.644632,27,0.678389,1,21.489121
1957,27104,14.417651,20,0.678152,1,22.87362
1958,27123,15.156256,19,0.677926,1,25.211461
1959,27153,22.472569,30,0.67757,0,22.833363
1960,27159,4.957177,6,0.677499,1,27.515441
1961,27180,14.397643,21,0.677249,1,21.037113
1962,27203,19.607102,23,0.676976,1,26.538614
1963,27215,7.815945,12,0.676834,1,20.86825
1964,27225,6.450095,10,0.676715,1,21.025367
1965,27238,9.721018,13,0.676561,1,23.941263
1966,27261,20.745951,23,0.676288,1,27.878449
1967,27279,12.169521,18,0.676074,1,21.301591
1968,27309,20.861463,30,0.675717,0,20.701018
1969,27314,3.955372,5,0.675658,1,27.24883
1970,27324,6.689802,10,0.675539,1,22.152563
1971,27335,7.818283,11,0.675409,1,23.406646
1972,27342,5.790178,7,0.675326,1,27.363613
1973,27344,1.121128,2,0.675302,1,27.558956
1974,27363,13.968313,19,0.675076,1,22.462072
1975,27375,8.422258,12,0.674934,1,22.919595
1976,27378,1.960209,3,0.674898,1,25.028024
1977,27387,7.79836,9,0.674791,1,28.554261
1978,27399,7.585317,12,0.674649,1,20.447279
1979,27429,22.397238,30,0.674292,0,22.500005
1980,27449,14.032977,20,0.674055,1,21.754548
1981,27458,6.765191,9,0.673948,1,24.601464
1982,27465,4.176249,7,0.673865,1,19.200434
1983,27475,6.136364,10,0.673746,1,19.106279
1984,27503,19.838167,28,0.673414,1,22.107158
1985,27515,8.16642,12,0.673271,1,21.971354
1986,27532,11.653895,17,0.673069,1,21.326303
1987,27562,21.291144,30,0.672713,0,21.334336
1988,27585,18.950695,23,0.67244,1,26.234877
1989,27588,1.958373,3,0.672404,1,24.334
1990,27618,23.71753,30,0.672048,0,23.860812
1991,27627,6.204969,9,0.671941,1,22.325111
1992,27633,4.559254,6,0.67187,1,25.771073
1993,27643,7.27377,10,0.671751,1,24.173444
1994,27673,24.090089,30,0.671395,0,24.366511
1995,27684,8.360433,11,0.671264,1,24.354657
1996,27687,1.764923,3,0.671229,1,24.14964
1997,27702,10.094201,15,0.671051,1,21.66701
1998,27724,16.645331,22,0.670789,1,23.715204
1999,27727,1.960209,3,0.670754,1,25.028024
2000,27747,14.451205,20,0.670516,1,22.474836
2001,27757,7.883286,10,0.670397,1,25.747824
2002,27787,23.241678,30,0.670041,0,23.465649
2003,27798,8.284284,11,0.669911,1,25.168255
2004,27806,5.603483,8,0.669816,1,23.803002
2005,27825,14.447786,19,0.66959,1,24.210257
2006,27840,10.300859,15,0.669412,1,21.892378
2007,27853,10.752507,13,0.669258,1,26.729096
2008,27862,6.409091,9,0.669151,1,23.435999
2009,27870,5.768369,8,0.669056,1,24.525591
2010,27886,12.205966,16,0.668866,1,24.06829
2011,27891,3.560246,5,0.668806,1,25.759397
2012,27921,23.836769,30,0.66845,0,24.367514
2013,27951,21.937706,30,0.668094,0,21.867685
2014,27955,2.396743,4,0.668046,1,21.885074
2015,27983,20.000459,28,0.667714,1,22.26425
2016,27987,2.399329,4,0.667666,1,22.109008
2017,28017,21.490156,30,0.66731,0,21.534318
2018,28022,3.92456,5,0.667251,1,28.020645
2019,28052,20.71152,30,0.666894,0,20.534352
2020,28082,25.137675,30,0.666538,0,25.333167
2021,28112,21.060472,30,0.666182,0,21.034327
2022,28142,21.829383,30,0.665826,0,21.803883
2023,28172,24.332344,30,0.665469,0,24.300014
2024,28202,22.045149,30,0.665113,0,21.999971
2025,28208,4.599932,6,0.665042,1,27.016509
2026,28232,16.908713,24,0.664757,1,21.878442
2027,28245,9.18172,13,0.664602,1,22.398996
2028,28275,24.174934,30,0.664246,0,24.367685
2029,28305,21.881683,30,0.66389,0,21.632345
2030,28312,4.176249,7,0.663807,1,19.769376
2031,28317,3.204545,5,0.663748,1,23.305146
2032,28327,8.959012,10,0.663629,1,28.880033
2033,28340,10.968297,13,0.663474,1,26.843563
2034,28343,1.767153,3,0.663439,1,24.593588
2035,28370,23.159306,27,0.663118,1,26.813188
2036,28400,20.85108,30,0.662762,0,20.701018
2037,28425,19.459389,25,0.662465,1,24.203883
2038,28447,14.87631,22,0.662204,1,20.875789
2039,28477,22.462466,30,0.661848,0,22.700187
2040,28481,2.398565,4,0.6618,1,23.176535
2041,28504,16.072607,23,0.661527,1,21.668287
2042,28525,15.455847,21,0.661277,1,22.929823
2043,28531,4.503094,6,0.661206,1,26.393466
2044,28535,2.784072,4,0.661159,1,26.683563
2045,28559,17.471136,24,0.660874,1,22.723723
2046,28589,23.012086,30,0.660518,0,23.201018
2047,28598,6.486321,9,0.660411,1,24.026394
2048,28628,27.149522,30,0.660054,0,27.465648
2049,28658,21.392079,30,0.659698,0,21.500001
2050,28684,20.089743,26,0.659389,1,24.052686
2051,28714,24.80305,30,0.659033,0,25.132315
2052,28725,8.329003,11,0.658903,1,24.193003
2053,28735,7.402419,10,0.658784,1,24.170433
2054,28747,8.128324,12,0.658641,1,21.390975
2055,28777,22.959031,30,0.658285,0,22.867685
2056,28782,3.362751,5,0.658226,1,24.008456
2057,28810,21.127992,28,0.657893,1,23.659933
2058,28815,2.925065,5,0.657834,1,19.899453
2059,28845,21.91526,30,0.657478,1,22.56877
2060,28866,15.653869,21,0.657228,1,22.907752
2061,28878,8.402853,12,0.657086,1,23.333346
2062,28886,6.193676,8,0.656991,1,25.435621
2063,28916,23.02533,30,0.656634,0,23.367519
2064,28922,4.40479,6,0.656563,1,25.412882
2065,28931,6.402955,9,0.656456,1,24.110323
2066,28961,22.786636,30,0.6561,0,22.867685
2067,28987,20.569759,26,0.655791,1,24.81557
2068,29017,22.752606,30,0.655435,0,22.866545
2069,29047,23.973924,30,0.655079,1,25.000142
2070,29077,23.254688,30,0.654723,0,23.534351
2071,29096,13.111102,19,0.654497,1,21.714915
2072,29126,21.532107,30,0.654141,0,21.472517
2073,29134,5.203346,8,0.654046,1,21.363669
2074,29164,21.40103,30,0.653689,0,21.367519
2075,29179,12.212263,15,0.653511,1,26.002343
2076,29209,24.134382,30,0.653155,0,24.034351
2077,29213,2.959217,4,0.653108,1,26.560797
2078,29243,22.529637,30,0.652751,0,23.000024
2079,29247,3.197675,4,0.652704,1,29.242529
2080,29253,4.392523,6,0.652633,1,25.617473
2081,29259,4.005682,6,0.652561,1,23.072672
2082,29281,16.73395,22,0.6523,1,23.979022
2083,29288,4.448864,7,0.652217,1,20.968692
2084,29318,21.286356,30,0.651861,0,21.200994
2085,29344,18.394046,26,0.651552,1,21.701967
2086,29347,1.958373,3,0.651516,1,25.412525
2087,29355,6.557337,8,0.651421,1,26.886581
2088,29382,25.14804,27,0.651101,1,28.749791
2089,29398,11.605299,16,0.650911,1,23.759804
2090,29428,21.809342,30,0.650554,0,21.805023
2091,29458,21.52884,30,0.650198,0,21.672533
2092,29488,22.765151,30,0.649842,0,23.00587
2093,29518,21.919681,30,0.649486,0,21.827497
2094,29548,21.640515,30,0.649129,0,21.861844
2095,29557,7.758579,9,0.649023,1,27.254998
2096,29574,13.39871,17,0.648821,1,25.607337
2097,29577,1.795329,3,0.648785,1,21.536563
2098,29588,7.133114,11,0.648654,1,20.583839
2099,29604,10.974899,16,0.648464,1,21.464214
2100,29634,22.554345,30,0.648108,0,22.534352
2101,29664,21.129502,30,0.647752,0,21.034351
2102,29694,21.217742,30,0.647396,0,21.172537
2103,29700,4.95534,6,0.647324,1,26.731428
2104,29704,2.162554,4,0.647277,1,19.38848
2105,29715,7.504794,11,0.647146,1,22.275807
2106,29721,4.000838,6,0.647075,1,22.930624
2107,29742,14.276259,21,0.646826,1,21.113601
2108,29762,15.422922,20,0.646588,1,24.16803
2109,29792,24.859127,30,0.646232,0,24.798982
2110,29805,10.798665,13,0.646078,1,26.41816
2111,29818,9.602212,13,0.645923,1,23.30862
2112,29848,20.976107,30,0.645567,0,20.867685
2113,29878,21.759983,30,0.645211,0,21.828467
2114,29900,19.353391,22,0.644949,1,27.504157
2115,29930,21.686289,30,0.644593,0,21.696151
2116,29939,6.764861,9,0.644486,1,24.719789
2117,29956,11.787625,17,0.644284,1,21.927297
2118,29965,7.584178,9,0.644178,1,27.970499
2119,29995,22.315518,30,0.643821,0,22.201018
